gutenberg_id,title,author,gutenberg_author_id,language,gutenberg_bookshelf,rights,has_text
1,The Declaration of Independence of the United States of America,"Jefferson, Thomas",1638,en,"Politics/American Revolutionary War/United States Law/Category: Essays, Letters & Speeches/Category: History - American/Category: History - Modern (1750+)/Category: Philosophy & Ethics/Category: Politics",Public domain in the USA.,TRUE
11,Alice's Adventures in Wonderland,"Carroll, Lewis",7,en,Children's Literature/Category: Children & Young Adult Reading/Category: Novels/Category: Classics of Literature/Category: British Literature,Public domain in the USA.,TRUE
11,Alice's Adventures in Wonderland,"Carroll, Lewis",7,en,Children's Literature,Public domain in the USA.,TRUE
12,Through the Looking-Glass,"Carroll, Lewis",7,en,Children's Literature/Best Books Ever Listings/Category: Children & Young Adult Reading/Category: Novels/Category: British Literature,Public domain in the USA.,TRUE
16,Peter Pan : $b [Peter and Wendy],"Barrie, J. M. (James Matthew)",10,en,Children's Literature/Movie Books/Category: Children & Young Adult Reading/Category: Adventure/Category: Novels/Category: Classics of Literature/Category: British Literature,Public domain in the USA.,TRUE
19,The Song of Hiawatha,"Longfellow, Henry Wadsworth",16,en,"Children's Literature/Poetry/Native America/Category: Poetry/Category: Mythology, Legends & Folklore/Category: American Literature",Public domain in the USA.,TRUE
35,The Time Machine,"Wells, H. G. (Herbert George)",30,en,Science Fiction/Movie Books/Category: Science-Fiction & Fantasy/Category: Novels/Category: British Literature,Public domain in the USA.,TRUE
36,The war of the worlds,"Wells, H. G. (Herbert George)",30,en,Science Fiction/Movie Books/Category: Science-Fiction & Fantasy/Category: Novels/Category: Classics of Literature/Category: British Literature,Public domain in the USA.,TRUE
42,The strange case of Dr. Jekyll and Mr. Hyde,"Stevenson, Robert Louis",35,en,"Precursors of Science Fiction/Horror/Gothic Fiction/Movie Books/Category: Crime, Thrillers and Mystery/Category: Novels/Category: Classics of Literature/Category: British Literature",Public domain in the USA.,TRUE
46,A Christmas Carol in Prose; Being a Ghost Story of Christmas,"Dickens, Charles",37,en,Children's Literature/Christmas/Category: Novels/Category: Classics of Literature/Category: British Literature,Public domain in the USA.,TRUE
47,Anne of Avonlea,"Montgomery, L. M. (Lucy Maud)",36,en,Canada/Children's Literature/Category: Children & Young Adult Reading/Category: Novels/Category: British Literature,Public domain in the USA.,TRUE
51,Anne of the Island,"Montgomery, L. M. (Lucy Maud)",36,en,Canada/Children's Literature/Category: Children & Young Adult Reading/Category: Novels,Public domain in the USA.,TRUE
54,The Marvelous Land of Oz,"Baum, L. Frank (Lyman Frank)",42,en,Children's Literature/Fantasy/Category: Children & Young Adult Reading/Category: Science-Fiction & Fantasy/Category: Novels/Category: American Literature,Public domain in the USA.,TRUE
55,The Wonderful Wizard of Oz,"Baum, L. Frank (Lyman Frank)",42,en,Children's Literature/Fantasy/Category: Children & Young Adult Reading/Category: Science-Fiction & Fantasy/Category: Adventure/Category: American Literature,Public domain in the USA.,TRUE
62,A princess of Mars,"Burroughs, Edgar Rice",48,en,Science Fiction/Best Books Ever Listings/Category: Science-Fiction & Fantasy/Category: Adventure,Public domain in the USA.,TRUE
63,"The Number ""e""",Unknown,49,en,Historical Fiction/Category: Mathematics,Public domain in the USA.,TRUE
64,The gods of Mars,"Burroughs, Edgar Rice",48,en,Science Fiction/Category: Science-Fiction & Fantasy/Category: Adventure/Category: Novels/Category: American Literature,Public domain in the USA.,TRUE
68,The warlord of Mars,"Burroughs, Edgar Rice",48,en,Science Fiction/Category: Science-Fiction & Fantasy/Category: Adventure,Public domain in the USA.,TRUE
72,"Thuvia, maid of Mars","Burroughs, Edgar Rice",48,en,Science Fiction/Category: Science-Fiction & Fantasy/Category: Romance/Category: Adventure/Category: American Literature,Public domain in the USA.,TRUE
73,The Red Badge of Courage: An Episode of the American Civil War,"Crane, Stephen",55,en,"US Civil War/Historical Fiction/Best Books Ever Listings/Bestsellers, American, 1895-1923/Category: Novels/Category: Classics of Literature/Category: American Literature/Category: History - American/Category: History - Warfare",Public domain in the USA.,TRUE
82,Ivanhoe: A Romance,"Scott, Walter",59,en,Historical Fiction/Best Books Ever Listings/Category: Historical Novels/Category: Novels/Category: British Literature,Public domain in the USA.,TRUE
83,"From the Earth to the moon; and, round the moon","Verne, Jules",60,en,Science Fiction/Movie Books/Category: Science-Fiction & Fantasy/Category: Novels/Category: Classics of Literature/Category: French Literature,Public domain in the USA.,TRUE
84,"Frankenstein; or, the modern prometheus","Shelley, Mary Wollstonecraft",61,en,Precursors of Science Fiction/Gothic Fiction/Movie Books/Science Fiction by Women/Category: Science-Fiction & Fantasy/Category: Novels/Category: Classics of Literature/Category: British Literature,Public domain in the USA.,TRUE
86,A Connecticut Yankee in King Arthur's Court,"Twain, Mark",53,en,Precursors of Science Fiction/Arthurian Legends/Category: Science-Fiction & Fantasy/Category: Humour/Category: Novels/Category: Classics of Literature/Category: American Literature,Public domain in the USA.,TRUE
97,Flatland: A Romance of Many Dimensions,"Abbott, Edwin Abbott",64,en,Mathematics/Science Fiction/Category: Science-Fiction & Fantasy/Category: Novels/Category: British Literature,Public domain in the USA.,TRUE
98,A Tale of Two Cities,"Dickens, Charles",37,en,Historical Fiction/Category: Historical Novels/Category: Classics of Literature/Category: British Literature,Public domain in the USA.,TRUE
108,The Return of Sherlock Holmes,"Doyle, Arthur Conan",69,en,"Detective Fiction/Category: Short Stories/Category: Crime, Thrillers and Mystery/Category: British Literature",Public domain in the USA.,TRUE
113,The Secret Garden,"Burnett, Frances Hodgson",73,en,Children's Literature/Category: Children & Young Adult Reading/Category: Novels/Category: Classics of Literature/Category: British Literature,Public domain in the USA.,TRUE
120,Treasure Island,"Stevenson, Robert Louis",35,en,"Children's Literature/Historical Fiction/Best Books Ever Listings/Pirates, Buccaneers, Corsairs, etc./Category: Adventure/Category: Novels/Category: Classics of Literature/Category: British Literature",Public domain in the USA.,TRUE
121,Northanger Abbey,"Austen, Jane",68,en,Gothic Fiction/Category: Novels/Category: Classics of Literature/Category: British Literature,Public domain in the USA.,TRUE
126,The Poison Belt,"Doyle, Arthur Conan",69,en,Science Fiction/Category: Science-Fiction & Fantasy/Category: Novels/Category: British Literature,Public domain in the USA.,TRUE
139,The Lost World,"Doyle, Arthur Conan",69,en,Science Fiction/Category: Science-Fiction & Fantasy/Category: Adventure/Category: Novels/Category: British Literature,Public domain in the USA.,TRUE
145,Middlemarch,"Eliot, George",90,en,Historical Fiction/Best Books Ever Listings/Category: Novels/Category: Classics of Literature/Category: British Literature,Public domain in the USA.,TRUE
146,"A Little Princess
Being the whole story of Sara Crewe now told for the first time","Burnett, Frances Hodgson",73,en,Children's Literature/School Stories/Category: Children & Young Adult Reading/Category: Novels/Category: British Literature,Public domain in the USA.,TRUE
155,The Moonstone,"Collins, Wilkie",98,en,"Detective Fiction/Mystery Fiction/Category: Crime, Thrillers and Mystery/Category: Novels/Category: British Literature",Public domain in the USA.,TRUE
159,The island of Doctor Moreau,"Wells, H. G. (Herbert George)",30,en,Science Fiction/Best Books Ever Listings/Movie Books/Category: Science-Fiction & Fantasy/Category: Novels/Category: British Literature,Public domain in the USA.,TRUE
164,Twenty Thousand Leagues under the Sea,"Verne, Jules",60,en,Science Fiction/Category: Science-Fiction & Fantasy/Category: Adventure/Category: Classics of Literature/Category: French Literature,Public domain in the USA.,TRUE
173,The Insidious Dr. Fu Manchu,"Rohmer, Sax",110,en,"Crime Fiction/Category: Crime, Thrillers and Mystery/Category: Novels/Category: British Literature",Public domain in the USA.,TRUE
174,The Picture of Dorian Gray,"Wilde, Oscar",111,en,Gothic Fiction/Movie Books/Category: Novels/Category: Classics of Literature/Category: British Literature,Public domain in the USA.,TRUE
175,The Phantom of the Opera,"Leroux, Gaston",112,en,"Opera/Gothic Fiction/Movie Books/Category: Crime, Thrillers and Mystery/Category: Novels/Category: French Literature",Public domain in the USA.,TRUE
201,Flatland: A Romance of Many Dimensions,"Abbott, Edwin Abbott",64,en,Mathematics/Science Fiction/Category: Science-Fiction & Fantasy/Category: Novels/Category: British Literature,Public domain in the USA.,TRUE
204,The innocence of Father Brown,"Chesterton, G. K. (Gilbert Keith)",80,en,"Detective Fiction/Category: Short Stories/Category: Crime, Thrillers and Mystery/Category: British Literature",Public domain in the USA.,TRUE
209,The Turn of the Screw,"James, Henry",113,en,"Opera/Best Books Ever Listings/Horror/Gothic Fiction/Category: Crime, Thrillers and Mystery/Category: Novels/Category: British Literature",Public domain in the USA.,TRUE
223,The wisdom of Father Brown,"Chesterton, G. K. (Gilbert Keith)",80,en,"Detective Fiction/Category: Short Stories/Category: Crime, Thrillers and Mystery/Category: British Literature",Public domain in the USA.,TRUE
225,At the Back of the North Wind,"MacDonald, George",127,en,Children's Literature/Category: Children & Young Adult Reading/Category: Science-Fiction & Fantasy/Category: Novels/Category: British Literature,Public domain in the USA.,TRUE
236,The Jungle Book,"Kipling, Rudyard",132,en,Scouts/Children's Literature/Movie Books/Contemporary Reviews/Category: Short Stories/Category: Children & Young Adult Reading/Category: Adventure/Category: British Literature/Nobel Prizes in Literature,Public domain in the USA.,TRUE
244,A Study in Scarlet,"Doyle, Arthur Conan",69,en,"Detective Fiction/Category: Crime, Thrillers and Mystery/Category: Novels/Category: British Literature",Public domain in the USA.,TRUE
271,Black Beauty : $b The autobiography of a horse,"Sewell, Anna",154,en,Children's Literature/Best Books Ever Listings/Category: Children & Young Adult Reading/Category: Novels/Category: Classics of Literature/Category: British Literature,Public domain in the USA.,TRUE
285,The Lost Continent,"Hyne, Charles John Cutcliffe Wright",4423,en,Science Fiction/Category: Science-Fiction & Fantasy/Category: Adventure/Category: Novels,Public domain in the USA.,TRUE
289,The Wind in the Willows,"Grahame, Kenneth",153,en,Children's Literature/Best Books Ever Listings/Category: Children & Young Adult Reading/Category: Novels/Category: British Literature,Public domain in the USA.,TRUE
296,The Cash Boy,"Alger, Horatio, Jr.",168,en,Children's Fiction/Category: Children & Young Adult Reading/Category: Novels/Category: American Literature,Public domain in the USA.,TRUE
305,The Count's Millions,"Gaboriau, Emile",172,en,"Detective Fiction/Category: Crime, Thrillers and Mystery/Category: Novels/Category: French Literature",Public domain in the USA.,TRUE
316,The Golden Road,"Montgomery, L. M. (Lucy Maud)",36,en,Canada/Children's Literature/Category: Children & Young Adult Reading/Category: Novels,Public domain in the USA.,TRUE
322,St. Ives: Being the Adventures of a French Prisoner in England,"Stevenson, Robert Louis",35,en,Historical Fiction/Category: Historical Novels/Category: Romance/Category: Adventure/Category: Novels/Category: British Literature,Public domain in the USA.,TRUE
345,Dracula,"Stoker, Bram",190,en,"Horror/Gothic Fiction/Mystery Fiction/Movie Books/Category: Science-Fiction & Fantasy/Category: Crime, Thrillers and Mystery/Category: Novels/Category: Classics of Literature/Category: British Literature",Public domain in the USA.,TRUE
419,The Magic of Oz,"Baum, L. Frank (Lyman Frank)",42,en,Children's Literature/Fantasy/Category: Children & Young Adult Reading/Category: Science-Fiction & Fantasy/Category: Adventure,Public domain in the USA.,TRUE
420,Dorothy and the Wizard in Oz,"Baum, L. Frank (Lyman Frank)",42,en,Children's Literature/Fantasy/Category: Children & Young Adult Reading/Category: Science-Fiction & Fantasy/Category: Adventure/Category: American Literature,Public domain in the USA.,TRUE
421,Kidnapped,"Stevenson, Robert Louis",35,en,Children's Literature/Adventure/Historical Fiction/Best Books Ever Listings/Movie Books/Category: Historical Novels/Category: Adventure/Category: Novels/Category: British Literature,Public domain in the USA.,TRUE
434,The Circular Staircase,"Rinehart, Mary Roberts",183,en,"Detective Fiction/Category: Crime, Thrillers and Mystery/Category: Novels/Category: American Literature",Public domain in the USA.,TRUE
436,"The Master Key
An Electrical Fairy Tale Founded Upon the Mysteries of Electricity","Baum, L. Frank (Lyman Frank)",42,en,Children's Literature/Fantasy/Category: Children & Young Adult Reading/Category: Science-Fiction & Fantasy/Category: American Literature,Public domain in the USA.,TRUE
456,"The Door in the Wall, and Other Stories","Wells, H. G. (Herbert George)",30,en,Science Fiction/Category: Short Stories/Category: Science-Fiction & Fantasy/Category: British Literature,Public domain in the USA.,TRUE
471,The Bride of Lammermoor,"Scott, Walter",59,en,Opera/Historical Fiction/Category: Historical Novels/Category: Novels/Category: British Literature,Public domain in the USA.,TRUE
479,Little Lord Fauntleroy,"Burnett, Frances Hodgson",73,en,Children's Literature/Category: Children & Young Adult Reading/Category: Novels/Category: British Literature,Public domain in the USA.,TRUE
485,The Road to Oz,"Baum, L. Frank (Lyman Frank)",42,en,Children's Literature/Fantasy/Category: Children & Young Adult Reading/Category: Science-Fiction & Fantasy/Category: Adventure,Public domain in the USA.,TRUE
486,"Ozma of Oz
A Record of Her Adventures with Dorothy Gale of Kansas, the Yellow Hen, the Scarecrow, the Tin Woodman, Tiktok, the Cowardly Lion, and the Hungry Tiger; Besides Other Good People too Numerous to Mention Faithfully Recorded Herein","Baum, L. Frank (Lyman Frank)",42,en,Children's Literature/Fantasy/Category: Children & Young Adult Reading/Category: Science-Fiction & Fantasy/Category: Adventure/Category: American Literature,Public domain in the USA.,TRUE
496,The Little Lame Prince,"Craik, Dinah Maria Mulock",264,en,Children's Literature/Category: Children & Young Adult Reading/Category: Novels/Category: British Literature,Public domain in the USA.,TRUE
498,Rebecca of Sunnybrook Farm,"Wiggin, Kate Douglas Smith",266,en,"Children's Literature/Bestsellers, American, 1895-1923/Category: Children & Young Adult Reading/Category: Novels/Category: American Literature",Public domain in the USA.,TRUE
501,The Story of Doctor Dolittle,"Lofting, Hugh",269,en,Children's Literature/Category: Children & Young Adult Reading/Category: Adventure/Category: Novels,Public domain in the USA.,TRUE
507,Adam Bede,"Eliot, George",90,en,Historical Fiction/Banned Books from Anne Haight's list/Category: Novels/Category: British Literature,Public domain in the USA.,TRUE
512,Mosses from an old manse,"Hawthorne, Nathaniel",28,en,"Gothic Fiction/Category: Essays, Letters & Speeches/Category: American Literature",Public domain in the USA.,TRUE
517,The Emerald City of Oz,"Baum, L. Frank (Lyman Frank)",42,en,Children's Literature/Fantasy/Category: Children & Young Adult Reading/Category: Science-Fiction & Fantasy/Category: Novels,Public domain in the USA.,TRUE
520,The Life and Adventures of Santa Claus,"Baum, L. Frank (Lyman Frank)",42,en,"Children's Literature/Christmas/Category: Children & Young Adult Reading/Category: Adventure/Category: Novels/Category: Mythology, Legends & Folklore/Category: American Literature",Public domain in the USA.,TRUE
544,Anne's House of Dreams,"Montgomery, L. M. (Lucy Maud)",36,en,Canada/Children's Literature/Category: Children & Young Adult Reading/Category: Novels/Category: British Literature,Public domain in the USA.,TRUE
547,Baron Trigault's Vengeance,"Gaboriau, Emile",172,en,"Detective Fiction/Category: Crime, Thrillers and Mystery/Category: Novels/Category: French Literature",Public domain in the USA.,TRUE
557,Puck of Pook's Hill,"Kipling, Rudyard",132,en,"Scouts/Children's Literature/Category: Children & Young Adult Reading/Category: Science-Fiction & Fantasy/Category: Mythology, Legends & Folklore/Category: British Literature/Nobel Prizes in Literature",Public domain in the USA.,TRUE
558,The Thirty-Nine Steps,"Buchan, John",285,en,"Adventure/Mystery Fiction/Movie Books/Category: Crime, Thrillers and Mystery/Category: Adventure/Category: Novels/Category: British Literature",Public domain in the USA.,TRUE
559,Greenmantle,"Buchan, John",285,en,"World War I/Adventure/Mystery Fiction/Movie Books/Category: Crime, Thrillers and Mystery/Category: Adventure/Category: Novels/Category: British Literature",Public domain in the USA.,TRUE
564,The Mystery of Edwin Drood,"Dickens, Charles",37,en,"Mystery Fiction/Category: Crime, Thrillers and Mystery/Category: Novels/Category: Classics of Literature/Category: British Literature",Public domain in the USA.,TRUE
583,The Woman in White,"Collins, Wilkie",98,en,"Mystery Fiction/Category: Crime, Thrillers and Mystery/Category: Novels/Category: British Literature",Public domain in the USA.,TRUE
589,Catriona,"Stevenson, Robert Louis",35,en,Adventure/Historical Fiction/Category: Historical Novels/Category: Romance/Category: Adventure/Category: Novels/Category: British Literature,Public domain in the USA.,TRUE
599,Vanity Fair,"Thackeray, William Makepeace",313,en,Historical Fiction/Harvard Classics/Category: Novels/Category: Classics of Literature/Category: British Literature,Public domain in the USA.,TRUE
601,The Monk: A Romance,"Lewis, M. G. (Matthew Gregory)",315,en,Best Books Ever Listings/Gothic Fiction/Category: Romance/Category: Novels/Category: Classics of Literature/Category: British Literature,Public domain in the USA.,TRUE
604,Gulliver of Mars,"Arnold, Edwin Lester",317,en,Science Fiction/Fantasy/Category: Science-Fiction & Fantasy/Category: Adventure/Category: Novels,Public domain in the USA.,TRUE
624,"Looking Backward, 2000 to 1887","Bellamy, Edward",327,en,Science Fiction/Category: Science-Fiction & Fantasy/Category: Novels/Category: American Literature,Public domain in the USA.,TRUE
678,The Cricket on the Hearth: A Fairy Tale of Home,"Dickens, Charles",37,en,Children's Literature/Category: Novels/Category: British Literature,Public domain in the USA.,TRUE
696,The Castle of Otranto,"Walpole, Horace",358,en,Gothic Fiction/Category: Novels/Category: Classics of Literature/Category: British Literature,Public domain in the USA.,TRUE
706,The Amateur Cracksman,"Hornung, E. W. (Ernest William)",364,en,"Crime Fiction/Category: Short Stories/Category: Crime, Thrillers and Mystery/Category: British Literature",Public domain in the USA.,TRUE
707,Raffles: Further Adventures of the Amateur Cracksman,"Hornung, E. W. (Ernest William)",364,en,"Crime Fiction/Category: Short Stories/Category: Crime, Thrillers and Mystery/Category: British Literature",Public domain in the USA.,TRUE
708,The Princess and the Goblin,"MacDonald, George",127,en,Children's Literature/Category: Children & Young Adult Reading/Category: Science-Fiction & Fantasy/Category: Adventure,Public domain in the USA.,TRUE
709,The Princess and Curdie,"MacDonald, George",127,en,Children's Literature/Category: Children & Young Adult Reading/Category: Science-Fiction & Fantasy/Category: Novels/Category: British Literature,Public domain in the USA.,TRUE
765,The Moon Pool,"Merritt, Abraham",403,en,Science Fiction/Category: Science-Fiction & Fantasy/Category: Adventure/Category: Novels,Public domain in the USA.,TRUE
768,Wuthering Heights,"Brontë, Emily",405,en,Best Books Ever Listings/Gothic Fiction/Movie Books/Category: Novels/Category: Classics of Literature/Category: British Literature,Public domain in the USA.,TRUE
770,"The Story of the Treasure Seekers
Being the Adventures of the Bastable Children in Search of a Fortune","Nesbit, E. (Edith)",407,en,Children's Literature/Children's Fiction/Category: Children & Young Adult Reading/Category: Adventure/Category: Novels/Category: British Literature,Public domain in the USA.,TRUE
778,Five Children and It,"Nesbit, E. (Edith)",407,en,Children's Literature/Category: Children & Young Adult Reading/Category: Science-Fiction & Fantasy/Category: Novels/Category: British Literature,Public domain in the USA.,TRUE
792,"Wieland; Or, The Transformation: An American Tale","Brown, Charles Brockden",416,en,Best Books Ever Listings/Gothic Fiction/Category: Novels/Category: American Literature,Public domain in the USA.,TRUE
794,The Wouldbegoods: Being the Further Adventures of the Treasure Seekers,"Nesbit, E. (Edith)",407,en,Children's Literature/Children's Fiction/Category: Children & Young Adult Reading/Category: Adventure/Category: British Literature,Public domain in the USA.,TRUE
807,Hunted Down: The Detective Stories of Charles Dickens,"Dickens, Charles",37,en,"Detective Fiction/Category: Short Stories/Category: Crime, Thrillers and Mystery/Category: British Literature",Public domain in the USA.,TRUE
836,The Phoenix and the Carpet,"Nesbit, E. (Edith)",407,en,Children's Literature/Children's Fiction/Category: Children & Young Adult Reading/Category: Science-Fiction & Fantasy/Category: Novels/Category: British Literature,Public domain in the USA.,TRUE
837,The Story of the Amulet,"Nesbit, E. (Edith)",407,en,Children's Literature/Children's Fiction/Category: Children & Young Adult Reading/Category: Science-Fiction & Fantasy/Category: Adventure/Category: British Literature,Public domain in the USA.,TRUE
840,Lorna Doone: A Romance of Exmoor,"Blackmore, R. D. (Richard Doddridge)",439,en,Historical Fiction/Category: Historical Novels/Category: Romance/Category: British Literature,Public domain in the USA.,TRUE
848,The Black Arrow: A Tale of the Two Roses,"Stevenson, Robert Louis",35,en,Children's Literature/Adventure/Historical Fiction/Movie Books/Category: Historical Novels/Category: Adventure/Category: British Literature,Public domain in the USA.,TRUE
863,The Mysterious Affair at Styles,"Christie, Agatha",451,en,"Detective Fiction/Category: Crime, Thrillers and Mystery/Category: Novels/Category: British Literature",Public domain in the USA.,TRUE
864,The Master of Ballantrae: A Winter's Tale,"Stevenson, Robert Louis",35,en,Historical Fiction/Category: Historical Novels/Category: Adventure/Category: British Literature,Public domain in the USA.,TRUE
917,Barnaby Rudge: A Tale of the Riots of 'Eighty,"Dickens, Charles",37,en,Historical Fiction/Category: Historical Novels/Category: Novels/Category: British Literature,Public domain in the USA.,TRUE
940,The Last of the Mohicans; A narrative of 1757,"Cooper, James Fenimore",483,en,Historical Fiction/Category: Historical Novels/Category: Adventure/Category: American Literature,Public domain in the USA.,TRUE
949,"Tom Swift and His Submarine Boat; Or, Under the Ocean for Sunken Treasure","Appleton, Victor",267,en,Children's Book Series/Category: Children & Young Adult Reading/Category: Adventure/Category: Novels,Public domain in the USA.,TRUE
950,"Tom Swift and His Electric Runabout; Or, The Speediest Car on the Road","Appleton, Victor",267,en,Children's Book Series/Category: Children & Young Adult Reading/Category: Science-Fiction & Fantasy/Category: Adventure/Category: Novels/Category: American Literature,Public domain in the USA.,TRUE
953,"Tom Swift and His Big Tunnel; Or, The Hidden City of the Andes","Appleton, Victor",267,en,Children's Book Series/Category: Children & Young Adult Reading/Category: Science-Fiction & Fantasy/Category: Adventure/Category: Novels/Category: American Literature,Public domain in the USA.,TRUE
954,"Tom Swift and His War Tank; Or, Doing His Bit for Uncle Sam","Appleton, Victor",267,en,Children's Book Series/Category: Science-Fiction & Fantasy/Category: Adventure/Category: Novels,Public domain in the USA.,TRUE
955,The Patchwork Girl of Oz,"Baum, L. Frank (Lyman Frank)",42,en,Children's Literature/Fantasy/Category: Children & Young Adult Reading/Category: Science-Fiction & Fantasy/Category: Novels/Category: American Literature,Public domain in the USA.,TRUE
956,Tik-Tok of Oz,"Baum, L. Frank (Lyman Frank)",42,en,Children's Literature/Fantasy/Category: Children & Young Adult Reading/Category: Science-Fiction & Fantasy/Category: Novels/Category: American Literature,Public domain in the USA.,TRUE
957,The Scarecrow of Oz,"Baum, L. Frank (Lyman Frank)",42,en,Children's Literature/Fantasy/Category: Children & Young Adult Reading/Category: Science-Fiction & Fantasy/Category: Novels,Public domain in the USA.,TRUE
960,"The Tin Woodman of Oz
A Faithful Story of the Astonishing Adventure Undertaken by the Tin Woodman, Assisted by Woot the Wanderer, the Scarecrow of Oz, and Polychrome, the Rainbow's Daughter","Baum, L. Frank (Lyman Frank)",42,en,Children's Literature/Fantasy/Category: Children & Young Adult Reading/Category: Science-Fiction & Fantasy/Category: Adventure/Category: Novels,Public domain in the USA.,TRUE
961,"Glinda of Oz
In Which Are Related the Exciting Experiences of Princess Ozma of Oz, and Dorothy, in Their Hazardous Journey to the Home of the Flatheads, and to the Magic Isle of the Skeezers, and How They Were Rescued from Dire Peril by the Sorcery of Glinda the Good","Baum, L. Frank (Lyman Frank)",42,en,Children's Literature/Fantasy/Category: Children & Young Adult Reading/Category: Science-Fiction & Fantasy/Category: Adventure/Category: Novels/Category: American Literature,Public domain in the USA.,TRUE
965,The black tulip,"Dumas, Alexandre",492,en,Historical Fiction/Category: Historical Novels/Category: Novels/Category: French Literature,Public domain in the USA.,TRUE
965,The black tulip,"Maquet, Auguste",3930,en,Historical Fiction/Category: Historical Novels/Category: Novels/Category: French Literature,Public domain in the USA.,TRUE
966,Maid Marian,"Peacock, Thomas Love",493,en,Historical Fiction/Category: Historical Novels/Category: Romance/Category: Adventure/Category: British Literature,Public domain in the USA.,TRUE
974,The Secret Agent: A Simple Tale,"Conrad, Joseph",125,en,"Mystery Fiction/Category: Crime, Thrillers and Mystery/Category: Novels/Category: British Literature",Public domain in the USA.,TRUE
1001,"Divine Comedy, Longfellow's Translation, Hell",Dante Alighieri,507,en,Italy/Category: Poetry/Category: Classics of Literature,Public domain in the USA.,TRUE
1154,The Voyages of Doctor Dolittle,"Lofting, Hugh",269,en,Children's Literature/Category: Children & Young Adult Reading/Category: Adventure/Category: Novels,Public domain in the USA.,TRUE
1155,The Secret Adversary,"Christie, Agatha",451,en,"Detective Fiction/Category: Crime, Thrillers and Mystery/Category: Adventure/Category: Novels/Category: British Literature",Public domain in the USA.,TRUE
1159,Fire-Tongue,"Rohmer, Sax",110,en,"Crime Fiction/Category: Crime, Thrillers and Mystery/Category: Novels/Category: British Literature",Public domain in the USA.,TRUE
1167,A Strange Disappearance,"Green, Anna Katharine",541,en,"Detective Fiction/Category: Crime, Thrillers and Mystery/Category: Novels",Public domain in the USA.,TRUE
1182,Dope,"Rohmer, Sax",110,en,"Crime Fiction/Category: Crime, Thrillers and Mystery/Category: Novels/Category: British Literature",Public domain in the USA.,TRUE
1183,The Return of Dr. Fu-Manchu,"Rohmer, Sax",110,en,"Crime Fiction/Category: Crime, Thrillers and Mystery/Category: Novels/Category: British Literature",Public domain in the USA.,TRUE
1188,The Lair of the White Worm,"Stoker, Bram",190,en,"Horror/Gothic Fiction/Category: Science-Fiction & Fantasy/Category: Novels/Category: Mythology, Legends & Folklore/Category: British Literature",Public domain in the USA.,TRUE
1250,Anthem,"Rand, Ayn",572,en,Science Fiction/Science Fiction by Women/Category: Science-Fiction & Fantasy/Category: Novels/Category: American Literature,Public domain in the USA.,TRUE
1257,The three musketeers,"Dumas, Alexandre",492,en,Adventure/Historical Fiction/Best Books Ever Listings/Movie Books/Category: Adventure/Category: Novels/Category: Classics of Literature/Category: French Literature,Public domain in the USA.,TRUE
1257,The three musketeers,"Maquet, Auguste",3930,en,Adventure/Historical Fiction/Best Books Ever Listings/Movie Books/Category: Adventure/Category: Novels/Category: Classics of Literature/Category: French Literature,Public domain in the USA.,TRUE
1259,Twenty years after,"Dumas, Alexandre",492,en,Adventure/Historical Fiction/Movie Books/Category: Historical Novels/Category: Adventure/Category: Novels/Category: French Literature,Public domain in the USA.,TRUE
1259,Twenty years after,"Maquet, Auguste",3930,en,Adventure/Historical Fiction/Movie Books/Category: Historical Novels/Category: Adventure/Category: Novels/Category: French Literature,Public domain in the USA.,TRUE
1268,The Mysterious Island,"Verne, Jules",60,en,Science Fiction/Category: Science-Fiction & Fantasy/Category: Adventure/Category: Novels/Category: French Literature,Public domain in the USA.,TRUE
1281,"Tom Swift and His Aerial Warship; Or, The Naval Terror of the Seas","Appleton, Victor",267,en,Children's Book Series/Category: Children & Young Adult Reading/Category: Science-Fiction & Fantasy/Category: Adventure/Category: Novels,Public domain in the USA.,TRUE
1282,"Tom Swift Among the Diamond Makers; Or, The Secret of Phantom Mountain","Appleton, Victor",267,en,Children's Book Series/Category: Children & Young Adult Reading/Category: Adventure/Category: Novels/Category: American Literature,Public domain in the USA.,TRUE
1283,"Tom Swift and His Wizard Camera; Or, Thrilling Adventures While Taking Moving Pictures","Appleton, Victor",267,en,Children's Book Series/Category: Children & Young Adult Reading/Category: Adventure/Category: Novels,Public domain in the USA.,TRUE
1284,"Tom Swift and His Air Scout; Or, Uncle Sam's Mastery of the Sky","Appleton, Victor",267,en,Children's Book Series/Category: Science-Fiction & Fantasy/Category: Adventure/Category: Novels/Category: American Literature,Public domain in the USA.,TRUE
1290,Salammbo,"Flaubert, Gustave",574,en,Historical Fiction/Banned Books from Anne Haight's list/Category: Historical Novels/Category: Novels/Category: French Literature,Public domain in the USA.,TRUE
1329,A Voyage to Arcturus,"Lindsay, David",604,en,Science Fiction/Best Books Ever Listings/Category: Science-Fiction & Fantasy/Category: Novels,Public domain in the USA.,TRUE
1353,Off on a Comet! a Journey through Planetary Space,"Verne, Jules",60,en,Science Fiction/Category: Science-Fiction & Fantasy/Category: Adventure/Category: Novels,Public domain in the USA.,TRUE
1354,Chronicles of Avonlea,"Montgomery, L. M. (Lucy Maud)",36,en,Canada/Children's Literature/Category: Short Stories/Category: British Literature,Public domain in the USA.,TRUE
1359,A Guide to the Best Historical Novels and Tales,"Nield, Jonathan",617,en,Historical Fiction/Harvard Classics/Category: Encyclopedias/Dictionaries/Reference,Public domain in the USA.,TRUE
1366,The Cloister and the Hearth,"Reade, Charles",618,en,Historical Fiction/Category: Historical Novels/Category: Novels/Category: British Literature,Public domain in the USA.,TRUE
1375,New Chronicles of Rebecca,"Wiggin, Kate Douglas Smith",266,en,Children's Literature/Category: Children & Young Adult Reading/Category: Novels/Category: American Literature,Public domain in the USA.,TRUE
1377,The Talisman,"Scott, Walter",59,en,Historical Fiction/Category: Historical Novels/Category: Adventure/Category: British Literature,Public domain in the USA.,TRUE
1396,"Rienzi, the Last of the Roman Tribunes","Lytton, Edward Bulwer Lytton, Baron",761,en,Historical Fiction/Category: Historical Novels/Category: Novels,Public domain in the USA.,TRUE
1448,Heidi,"Spyri, Johanna",2491,en,Children's Literature/Category: Children & Young Adult Reading/Category: Novels,Public domain in the USA.,TRUE
1460,The Black Dwarf,"Scott, Walter",59,en,Historical Fiction/Category: Historical Novels/Category: Novels/Category: British Literature,Public domain in the USA.,TRUE
1550,"A Lady of Quality
Being a Most Curious, Hitherto Unknown History, as Related by Mr. Isaac Bickerstaff but Not Presented to the World of Fashion Through the Pages of The Tatler, and Now for the First Time Written Down","Burnett, Frances Hodgson",73,en,"Historical Fiction/Bestsellers, American, 1895-1923/Category: Novels/Category: British Literature",Public domain in the USA.,TRUE
1563,The Crystal Stopper,"Leblanc, Maurice",1358,en,"Crime Fiction/Category: Crime, Thrillers and Mystery/Category: Novels",Public domain in the USA.,TRUE
1565,The Last Days of Pompeii,"Lytton, Edward Bulwer Lytton, Baron",761,en,Historical Fiction/Category: Historical Novels/Category: Novels/Category: Classics of Literature,Public domain in the USA.,TRUE
1607,A Journey in Other Worlds: A Romance of the Future,"Astor, John Jacob",671,en,Science Fiction/Category: Science-Fiction & Fantasy/Category: Adventure/Category: Novels/Category: American Literature,Public domain in the USA.,TRUE
1631,"A Monk of Fife
Being the Chronicle Written by Norman Leslie of Pitcullo, Concerning Marvellous Deeds That Befell in the Realm of France, in the Years of Our Redemption, MCCCCXXIX-XXXI","Lang, Andrew",79,en,Historical Fiction/Category: Historical Novels/Category: Novels,Public domain in the USA.,TRUE
1651,The Mystery of Orcival,"Gaboriau, Emile",172,en,"Detective Fiction/Category: Crime, Thrillers and Mystery/Category: Novels/Category: French Literature",Public domain in the USA.,TRUE
1685,The Mystery of the Yellow Room,"Leroux, Gaston",112,en,"Detective Fiction/Category: Crime, Thrillers and Mystery/Category: Novels/Category: French Literature",Public domain in the USA.,TRUE
1686,The Secret of the Night,"Leroux, Gaston",112,en,"Detective Fiction/Category: Crime, Thrillers and Mystery/Category: Novels",Public domain in the USA.,TRUE
1703,Dead Men Tell No Tales,"Hornung, E. W. (Ernest William)",364,en,Crime Fiction/Category: Adventure/Category: Novels,Public domain in the USA.,TRUE
1748,Other People's Money,"Gaboriau, Emile",172,en,"Detective Fiction/Category: Crime, Thrillers and Mystery/Category: Novels/Category: French Literature",Public domain in the USA.,TRUE
1837,The Prince and the Pauper,"Twain, Mark",53,en,Historical Fiction/Category: Historical Novels/Category: Children & Young Adult Reading/Category: Classics of Literature/Category: British Literature,Public domain in the USA.,TRUE
1848,Montezuma's Daughter,"Haggard, H. Rider (Henry Rider)",365,en,Historical Fiction/Category: Historical Novels/Category: Adventure/Category: British Literature,Public domain in the USA.,TRUE
1860,"Westward Ho! Or, The Voyages and Adventures of Sir Amyas Leigh, Knight, of Burrough, in the County of Devon, in the Reign of Her Most Glorious Majesty Queen Elizabeth","Kingsley, Charles",344,en,Historical Fiction/Category: Historical Novels/Category: Adventure/Category: British Literature,Public domain in the USA.,TRUE
1872,The Red House Mystery,"Milne, A. A. (Alan Alexander)",730,en,"Detective Fiction/Category: Crime, Thrillers and Mystery/Category: Novels/Category: British Literature",Public domain in the USA.,TRUE
1874,The Railway Children,"Nesbit, E. (Edith)",407,en,Children's Literature/Children's Fiction/Category: Children & Young Adult Reading/Category: Adventure/Category: British Literature,Public domain in the USA.,TRUE
1896,Under the red robe,"Weyman, Stanley John",742,en,Historical Fiction/Category: Historical Novels/Category: Adventure,Public domain in the USA.,TRUE
1921,The Chouans,"Balzac, Honoré de",251,en,Historical Fiction/Category: Historical Novels/Category: Novels/Category: French Literature,Public domain in the USA.,TRUE
1937,The Second Jungle Book,"Kipling, Rudyard",132,en,Scouts/Children's Literature/Category: Short Stories/Category: Children & Young Adult Reading/Category: Adventure/Category: British Literature/Nobel Prizes in Literature,Public domain in the USA.,TRUE
1939,A Gentleman of France: Being the Memoirs of Gaston de Bonne Sieur de Marsac,"Weyman, Stanley John",742,en,Historical Fiction/Category: Historical Novels/Category: Adventure/Category: Novels/Category: French Literature,Public domain in the USA.,TRUE
1951,The Coming Race,"Lytton, Edward Bulwer Lytton, Baron",761,en,Precursors of Science Fiction/Best Books Ever Listings/Category: Science-Fiction & Fantasy/Category: Adventure/Category: British Literature,Public domain in the USA.,TRUE
1952,The Yellow Wallpaper,"Gilman, Charlotte Perkins",27,en,Gothic Fiction/Category: Short Stories/Category: American Literature,Public domain in the USA.,TRUE
2040,Confessions of an English Opium-Eater,"De Quincey, Thomas",797,en,Gothic Fiction/Category: Biographies/Category: British Literature/Category: Drugs/Alcohol/Pharmacology,Public domain in the USA.,TRUE
2041,The House of the Wolf: A Romance,"Weyman, Stanley John",742,en,Historical Fiction/Category: Historical Novels/Category: Romance/Category: Adventure/Category: French Literature,Public domain in the USA.,TRUE
2060,The History of Caliph Vathek,"Beckford, William",806,en,"Fantasy/Gothic Fiction/Category: Science-Fiction & Fantasy/Category: Novels/Category: Mythology, Legends & Folklore/Category: Classics of Literature/Category: British Literature",Public domain in the USA.,TRUE
2079,From the Memoirs of a Minister of France,"Weyman, Stanley John",742,en,Historical Fiction/Category: Historical Novels/Category: Novels/Category: French Literature,Public domain in the USA.,TRUE
2098,A Thief in the Night: A Book of Raffles' Adventures,"Hornung, E. W. (Ernest William)",364,en,"Crime Fiction/Category: Crime, Thrillers and Mystery/Category: Adventure/Category: Novels/Category: British Literature",Public domain in the USA.,TRUE
2145,Ben-Hur: A tale of the Christ,"Wallace, Lew",836,en,Historical Fiction/Movie Books/Category: Historical Novels/Category: Classics of Literature,Public domain in the USA.,TRUE
2160,The Expedition of Humphry Clinker,"Smollett, T. (Tobias)",838,en,"Historical Fiction/Best Books Ever Listings/Category: Humour/Category: Novels/Category: Essays, Letters & Speeches/Category: Travel Writing/Category: Classics of Literature/Category: British Literature",Public domain in the USA.,TRUE
2273,"Tom Swift and His Motor-Boat; Or, The Rivals of Lake Carlopa","Appleton, Victor",267,en,Children's Book Series/Category: Children & Young Adult Reading/Category: Adventure/Category: Novels,Public domain in the USA.,TRUE
2276,The Private Memoirs and Confessions of a Justified Sinner,"Hogg, James",860,en,Best Books Ever Listings/Gothic Fiction/Category: Novels/Category: British Literature,Public domain in the USA.,TRUE
2306,"Uncle Remus, His Songs and His Sayings","Harris, Joel Chandler",868,en,"Children's Literature/Folklore/Category: Mythology, Legends & Folklore/Category: American Literature",Public domain in the USA.,TRUE
2509,The Lani People,"Bone, Jesse F. (Jesse Franklin)",946,en,Science Fiction/Category: Science-Fiction & Fantasy/Category: Novels,Public domain in the USA.,TRUE
2511,"The History of Henry Esmond, Esq., a Colonel in the Service of Her Majesty Queen Anne","Thackeray, William Makepeace",313,en,Historical Fiction/Category: Historical Novels/Category: Novels/Category: British Literature,Public domain in the USA.,TRUE
2554,Crime and Punishment,"Dostoyevsky, Fyodor",314,en,"Best Books Ever Listings/Crime Fiction/Harvard Classics/Category: Crime, Thrillers and Mystery/Category: Novels/Category: Classics of Literature/Category: Russian Literature",Public domain in the USA.,TRUE
2568,Trent's Last Case,"Bentley, E. C. (Edmund Clerihew)",968,en,"Detective Fiction/Category: Crime, Thrillers and Mystery/Category: Novels/Category: British Literature",Public domain in the USA.,TRUE
2573,The Caged Lion,"Yonge, Charlotte M. (Charlotte Mary)",945,en,Historical Fiction/Category: Historical Novels/Category: British Literature,Public domain in the USA.,TRUE
2600,War and Peace,"Tolstoy, Leo, graf",136,en,Napoleonic(Bookshelf)/Opera/Historical Fiction/Best Books Ever Listings/Movie Books/Category: Historical Novels/Category: Novels/Category: Classics of Literature/Category: Russian Literature,Public domain in the USA.,TRUE
2609,The Vicomte de Bragelonne,"Dumas, Alexandre",492,en,Adventure/Historical Fiction/Movie Books/Category: Historical Novels/Category: Adventure/Category: Novels/Category: French Literature,Public domain in the USA.,TRUE
2609,The Vicomte de Bragelonne,"Maquet, Auguste",3930,en,Adventure/Historical Fiction/Movie Books/Category: Historical Novels/Category: Adventure/Category: Novels/Category: French Literature,Public domain in the USA.,TRUE
2688,The Clue of the Twisted Candle,"Wallace, Edgar",999,en,"Detective Fiction/Category: Crime, Thrillers and Mystery/Category: Novels/Category: British Literature",Public domain in the USA.,TRUE
2726,Eight Cousins,"Alcott, Louisa May",102,en,Children's Literature/Category: Children & Young Adult Reading/Category: Novels/Category: American Literature,Public domain in the USA.,TRUE
2770,Five Little Peppers and How They Grew,"Sidney, Margaret",307,en,Children's Literature/Children's Book Series/Category: Children & Young Adult Reading/Category: Novels/Category: American Literature,Public domain in the USA.,TRUE
2786,Jack and Jill,"Alcott, Louisa May",102,en,Children's Literature/Category: Children & Young Adult Reading/Category: Novels/Category: American Literature,Public domain in the USA.,TRUE
2804,"Rose in Bloom
A Sequel to ""Eight Cousins""","Alcott, Louisa May",102,en,Children's Literature/Category: Novels/Category: American Literature,Public domain in the USA.,TRUE
2853,Quo Vadis: A Narrative of the Time of Nero,"Sienkiewicz, Henryk",1052,en,"Historical Fiction/Movie Books/Bestsellers, American, 1895-1923/Category: Historical Novels/Category: Novels/Nobel Prizes in Literature",Public domain in the USA.,TRUE
2861,The Sleuth of St. James's Square,"Post, Melville Davisson",1055,en,"Detective Fiction/Category: Crime, Thrillers and Mystery/Category: Novels",Public domain in the USA.,TRUE
2866,Windsor Castle,"Ainsworth, William Harrison",1056,en,"Historical Fiction/Category: Historical Novels/Category: Mythology, Legends & Folklore/Category: British Literature",Public domain in the USA.,TRUE
2942,Two Penniless Princesses,"Yonge, Charlotte M. (Charlotte Mary)",945,en,Historical Fiction/Category: Historical Novels/Category: Novels/Category: British Literature,Public domain in the USA.,TRUE
3005,Tom Swift and His Airship,"Appleton, Victor",267,en,Children's Book Series/Category: Children & Young Adult Reading/Category: Adventure,Public domain in the USA.,TRUE
3048,The Little Duke: Richard the Fearless,"Yonge, Charlotte M. (Charlotte Mary)",945,en,Historical Fiction/Category: Historical Novels/Category: Children & Young Adult Reading/Category: British Literature,Public domain in the USA.,TRUE
3139,The Dove in the Eagle's Nest,"Yonge, Charlotte M. (Charlotte Mary)",945,en,Historical Fiction/Category: Historical Novels/Category: Novels/Category: German Literature,Public domain in the USA.,TRUE
3268,The Mysteries of Udolpho,"Radcliffe, Ann Ward",1147,en,"Italy/Gothic Fiction/Category: Romance/Category: Crime, Thrillers and Mystery/Category: Novels/Category: Classics of Literature/Category: British Literature",Public domain in the USA.,TRUE
3479,The Metal Monster,"Merritt, Abraham",403,en,Science Fiction/Category: Science-Fiction & Fantasy/Category: Adventure/Category: Novels,Public domain in the USA.,TRUE
3536,The Enchanted Castle,"Nesbit, E. (Edith)",407,en,Children's Literature/Children's Fiction/Category: Children & Young Adult Reading/Category: Science-Fiction & Fantasy/Category: Adventure/Category: British Literature,Public domain in the USA.,TRUE
3674,"The Dragon and the Raven; Or, The Days of King Alfred","Henty, G. A. (George Alfred)",1032,en,Historical Fiction/Children's Fiction/Category: Historical Novels/Category: Adventure/Category: British Literature,Public domain in the USA.,TRUE
3760,"Sybil, Or, The Two Nations","Disraeli, Benjamin, Earl of Beaconsfield",1292,en,Historical Fiction/Category: Novels/Category: British Literature,Public domain in the USA.,TRUE
3777,"Tom Swift and His Electric Rifle; Or, Daring Adventures in Elephant Land","Appleton, Victor",267,en,Children's Book Series/Category: Children & Young Adult Reading/Category: Adventure/Category: Novels/Category: American Literature,Public domain in the USA.,TRUE
3785,In the Reign of Terror: The Adventures of a Westminster Boy,"Henty, G. A. (George Alfred)",1032,en,Children's Fiction/Category: Historical Novels/Category: Adventure/Category: British Literature,Public domain in the USA.,TRUE
3795,Under the Lilacs,"Alcott, Louisa May",102,en,Children's Literature/Category: Children & Young Adult Reading/Category: Adventure/Category: Novels/Category: American Literature,Public domain in the USA.,TRUE
4014,Arsène Lupin,"Leblanc, Maurice",1358,en,"Crime Fiction/Category: Crime, Thrillers and Mystery/Category: Novels/Category: French Literature",Public domain in the USA.,TRUE
4017,The Hollow Needle; Further adventures of Arsène Lupin,"Leblanc, Maurice",1358,en,"Crime Fiction/Category: Crime, Thrillers and Mystery/Category: Novels/Category: French Literature",Public domain in the USA.,TRUE
4047,The Leavenworth Case,"Green, Anna Katharine",541,en,"Detective Fiction/Category: Crime, Thrillers and Mystery/Category: Novels/Category: American Literature",Public domain in the USA.,TRUE
4074,Swallow: A Tale of the Great Trek,"Haggard, H. Rider (Henry Rider)",365,en,Historical Fiction/Category: Historical Novels/Category: Adventure,Public domain in the USA.,TRUE
4085,The Adventures of Roderick Random,"Smollett, T. (Tobias)",838,en,Historical Fiction/Best Books Ever Listings/Category: Novels/Category: British Literature,Public domain in the USA.,TRUE
4227,"Tom Swift and His Wireless Message; Or, The Castaways of Earthquake Island","Appleton, Victor",267,en,Children's Book Series/Category: Children & Young Adult Reading/Category: Adventure/Category: Novels/Category: American Literature,Public domain in the USA.,TRUE
4230,"Tom Swift and His Motor-Cycle; Or, Fun and Adventures on the Road","Appleton, Victor",267,en,Children's Book Series/Category: Children & Young Adult Reading/Category: Adventure/Category: Novels/Category: American Literature,Public domain in the USA.,TRUE
4290,The Dominion in 1983,"Centennius, Ralph",1432,en,Precursors of Science Fiction/Category: Science-Fiction & Fantasy/Category: Novels,Public domain in the USA.,TRUE
4300,Ulysses,"Joyce, James",1039,en,Best Books Ever Listings/Erotic Fiction/Banned Books from Anne Haight's list/Banned Books List from the American Library Association/Category: Novels/Category: Classics of Literature/Category: British Literature,Public domain in the USA.,TRUE
4358,The Sea Fairies,"Baum, L. Frank (Lyman Frank)",42,en,Children's Literature/Fantasy/Category: Children & Young Adult Reading/Category: Science-Fiction & Fantasy/Category: Adventure,Public domain in the USA.,TRUE
4558,Barry Lyndon,"Thackeray, William Makepeace",313,en,Historical Fiction/Movie Books/Category: Novels/Category: British Literature,Public domain in the USA.,TRUE
4715,An African Millionaire: Episodes in the Life of the Illustrious Colonel Clay,"Allen, Grant",1452,en,"Africa/Crime Fiction/Category: Crime, Thrillers and Mystery/Category: Novels/Category: British Literature",Public domain in the USA.,TRUE
4980,Old Granny Fox,"Burgess, Thornton W. (Thornton Waldo)",717,en,Children's Literature/Category: Children & Young Adult Reading/Category: Novels,Public domain in the USA.,TRUE
4994,"Five Thousand Miles Underground; Or, the Mystery of the Centre of the Earth","Rockwood, Roy",1625,en,Science Fiction/Category: Science-Fiction & Fantasy/Category: Adventure/Category: Novels/Category: American Literature,Public domain in the USA.,TRUE
5141,What Katy Did at School,"Coolidge, Susan",1508,en,Children's Literature/School Stories/Category: Children & Young Adult Reading/Category: Novels/Category: American Literature,Public domain in the USA.,TRUE
5164,The Beetle: A Mystery,"Marsh, Richard",1718,en,"Mystery Fiction/Category: Crime, Thrillers and Mystery/Category: Novels/Category: British Literature",Public domain in the USA.,TRUE
5308,The Paradise Mystery,"Fletcher, J. S. (Joseph Smith)",1761,en,"Detective Fiction/Category: Crime, Thrillers and Mystery/Category: Novels/Category: British Literature",Public domain in the USA.,TRUE
5340,Further Chronicles of Avonlea,"Montgomery, L. M. (Lucy Maud)",36,en,Canada/Children's Literature/Category: Short Stories/Category: Humour/Category: Novels/Category: British Literature,Public domain in the USA.,TRUE
5341,Kilmeny of the Orchard,"Montgomery, L. M. (Lucy Maud)",36,en,Canada/Children's Literature/Category: Romance/Category: Novels/Category: British Literature,Public domain in the USA.,TRUE
5342,The Story Girl,"Montgomery, L. M. (Lucy Maud)",36,en,"Canada/Children's Literature/Category: Children & Young Adult Reading/Category: Adventure/Category: Novels/Category: Mythology, Legends & Folklore",Public domain in the USA.,TRUE
5343,Rainbow Valley,"Montgomery, L. M. (Lucy Maud)",36,en,Canada/Children's Literature/Category: Children & Young Adult Reading/Category: Novels/Category: British Literature,Public domain in the USA.,TRUE
5347,Understood Betsy,"Fisher, Dorothy Canfield",1781,en,Children's Literature/Category: Children & Young Adult Reading/Category: Novels/Category: American Literature,Public domain in the USA.,TRUE
5348,"Ragged Dick, Or, Street Life in New York with the Boot-Blacks","Alger, Horatio, Jr.",168,en,Children's Fiction/Category: Novels/Category: American Literature,Public domain in the USA.,TRUE
5632,Five Little Peppers Midway,"Sidney, Margaret",307,en,Children's Literature/Children's Book Series/Category: Children & Young Adult Reading/Category: Novels/Category: American Literature,Public domain in the USA.,TRUE
5660,Mary Louise,"Baum, L. Frank (Lyman Frank)",42,en,Children's Literature/Fantasy/Children's Book Series/Category: Children & Young Adult Reading/Category: Novels/Category: American Literature,Public domain in the USA.,TRUE
5699,The Emancipatrix,"Flint, Homer Eon",1592,en,Science Fiction/Category: Science-Fiction & Fantasy/Category: Novels,Public domain in the USA.,TRUE
5703,The Lord of Death and the Queen of Life,"Flint, Homer Eon",1592,en,Science Fiction/Category: Science-Fiction & Fantasy/Category: Adventure,Public domain in the USA.,TRUE
5747,Do and Dare — a Brave Boy's Fight for Fortune,"Alger, Horatio, Jr.",168,en,Children's Fiction/Category: Historical Novels/Category: Children & Young Adult Reading/Category: Adventure/Category: Novels/Category: American Literature,Public domain in the USA.,TRUE
5754,"Lysbeth, a Tale of the Dutch","Haggard, H. Rider (Henry Rider)",365,en,Historical Fiction/Category: Historical Novels/Category: Novels,Public domain in the USA.,TRUE
5757,The Maid of Maiden Lane,"Barr, Amelia E.",2199,en,Historical Fiction/Category: Historical Novels/Category: Romance/Category: Novels/Category: American Literature,Public domain in the USA.,TRUE
5830,A Garland for Girls,"Alcott, Louisa May",102,en,Children's Literature/Category: Short Stories/Category: Children & Young Adult Reading/Category: American Literature,Public domain in the USA.,TRUE
5897,Castle Richmond,"Trollope, Anthony",324,en,Historical Fiction/Category: Historical Novels/Category: Novels/Category: British Literature,Public domain in the USA.,TRUE
5965,The Devolutionist and the Emancipatrix,"Flint, Homer Eon",1592,en,Science Fiction/Category: Science-Fiction & Fantasy/Category: Novels,Public domain in the USA.,TRUE
5977,"Bound to Rise; Or, Up the Ladder","Alger, Horatio, Jr.",168,en,Children's Fiction/Category: Novels/Category: American Literature,Public domain in the USA.,TRUE
6086,The Scottish Chiefs,"Porter, Jane",1942,en,Historical Fiction/Category: Historical Novels/Category: Adventure/Category: British Literature,Public domain in the USA.,TRUE
6087,The Vampyre; a Tale,"Polidori, John William",1943,en,Horror/Gothic Fiction/Category: Science-Fiction & Fantasy/Category: Novels/Category: British Literature,Public domain in the USA.,TRUE
6133,"The Extraordinary Adventures of Arsène Lupin, Gentleman-Burglar","Leblanc, Maurice",1358,en,"Crime Fiction/Category: Crime, Thrillers and Mystery/Category: Adventure/Category: Novels/Category: French Literature",Public domain in the USA.,TRUE
6308,Hypatia — or New Foes with an Old Face,"Kingsley, Charles",344,en,Historical Fiction/Category: Historical Novels/Category: Novels/Category: British Literature,Public domain in the USA.,TRUE
6418,Five Little Peppers and their Friends,"Sidney, Margaret",307,en,Children's Literature/Children's Book Series/Category: Children & Young Adult Reading/Category: Novels/Category: American Literature,Public domain in the USA.,TRUE
6437,"The Splendid Spur
Being Memoirs of the Adventures of Mr. John Marvel, a Servant of His Late Majesty King Charles I, in the Years 1642-3","Quiller-Couch, Arthur",3579,en,Historical Fiction/Category: Historical Novels/Category: Adventure/Category: British Literature,Public domain in the USA.,TRUE
6440,Elsie Dinsmore,"Finley, Martha",2044,en,Children's Book Series/Category: Children & Young Adult Reading/Category: Novels/Category: American Literature,Public domain in the USA.,TRUE
6468,"On a Torn-Away World; Or, the Captives of the Great Earthquake","Rockwood, Roy",1625,en,Science Fiction/Category: Science-Fiction & Fantasy/Category: Adventure/Category: Novels,Public domain in the USA.,TRUE
6480,On the Study of Words,"Trench, Richard Chenevix",2062,en,Historical Fiction/Category: Language & Communication,Public domain in the USA.,TRUE
6630,Curiosities of the Sky,"Serviss, Garrett Putman",2120,en,Science Fiction/Astronomy/Category: Science - Physics,Public domain in the USA.,TRUE
6714,"Dave Dashaway and His Hydroplane; Or, Daring Adventures over the Great Lake","Rockwood, Roy",1625,en,Science Fiction/Category: Adventure/Category: Novels,Public domain in the USA.,TRUE
6717,"Through Space to Mars; Or, the Longest Journey on Record","Rockwood, Roy",1625,en,Science Fiction/Category: Science-Fiction & Fantasy/Category: Adventure/Category: Novels,Public domain in the USA.,TRUE
6852,Venus in Furs,"Sacher-Masoch, Leopold, Ritter von",2220,en,Erotic Fiction/Category: Novels/Category: German Literature/Category: Sexuality & Erotica,Public domain in the USA.,TRUE
6903,Miss Ludington's Sister,"Bellamy, Edward",327,en,Science Fiction/Category: Novels/Category: American Literature,Public domain in the USA.,TRUE
6987,Five Little Peppers Abroad,"Sidney, Margaret",307,en,Children's Literature/Children's Book Series/Category: Children & Young Adult Reading/Category: Adventure/Category: Novels,Public domain in the USA.,TRUE
7052,Dr. Heidenhoff's Process,"Bellamy, Edward",327,en,Science Fiction/Category: Novels/Category: American Literature,Public domain in the USA.,TRUE
7154,"The Prince and the Pauper, Part 1.","Twain, Mark",53,en,Historical Fiction/Category: Historical Novels/Category: Novels/Category: Classics of Literature/Category: British Literature,Public domain in the USA.,TRUE
7155,"The Prince and the Pauper, Part 2.","Twain, Mark",53,en,Historical Fiction/Category: Historical Novels/Category: Novels/Category: British Literature,Public domain in the USA.,TRUE
7303,Equality,"Bellamy, Edward",327,en,Science Fiction/Category: Science-Fiction & Fantasy/Category: Novels/Category: American Literature,Public domain in the USA.,TRUE
7401,A Crystal Age,"Hudson, W. H. (William Henry)",484,en,Precursors of Science Fiction/Category: Science-Fiction & Fantasy/Category: Novels/Category: British Literature,Public domain in the USA.,TRUE
7434,The Adventures of Joel Pepper,"Sidney, Margaret",307,en,Children's Literature/Children's Book Series/Category: Children & Young Adult Reading/Category: Adventure/Category: Novels,Public domain in the USA.,TRUE
7435,Springhaven: A Tale of the Great War,"Blackmore, R. D. (Richard Doddridge)",439,en,Historical Fiction/Category: Historical Novels/Category: Novels/Category: British Literature,Public domain in the USA.,TRUE
7498,Five Little Peppers Grown Up,"Sidney, Margaret",307,en,Children's Literature/Children's Book Series/Category: Children & Young Adult Reading/Category: Novels/Category: American Literature,Public domain in the USA.,TRUE
7815,"Hereward, the Last of the English","Kingsley, Charles",344,en,Historical Fiction/Category: Historical Novels/Category: Adventure/Category: Novels/Category: British Literature,Public domain in the USA.,TRUE
7884,In the Fog,"Davis, Richard Harding",181,en,"Detective Fiction/Category: Crime, Thrillers and Mystery/Category: Novels/Category: American Literature",Public domain in the USA.,TRUE
7889,Erotica Romana,"Goethe, Johann Wolfgang von",586,en,Erotic Fiction/Category: Poetry/Category: Romance/Category: German Literature/Category: Sexuality & Erotica,Public domain in the USA.,TRUE
7974,The Pilot: A Tale of the Sea,"Cooper, James Fenimore",483,en,Historical Fiction/Category: Historical Novels/Category: Adventure/Category: Novels/Category: American Literature,Public domain in the USA.,TRUE
8123,The Virginians,"Thackeray, William Makepeace",313,en,Historical Fiction/Category: Historical Novels/Category: British Literature,Public domain in the USA.,TRUE
8188,The Mysterious Key and What It Opened,"Alcott, Louisa May",102,en,"Children's Literature/Category: Crime, Thrillers and Mystery/Category: Novels/Category: British Literature",Public domain in the USA.,TRUE
8199,The Moon Metal,"Serviss, Garrett Putman",2120,en,Science Fiction/Category: Science-Fiction & Fantasy/Category: Novels/Category: American Literature,Public domain in the USA.,TRUE
8673,A Columbus of Space,"Serviss, Garrett Putman",2120,en,Science Fiction/Category: Science-Fiction & Fantasy/Category: Novels,Public domain in the USA.,TRUE
8681,The Face and the Mask,"Barr, Robert",1616,en,"Science Fiction/Category: Crime, Thrillers and Mystery/Category: Novels",Public domain in the USA.,TRUE
8735,The Revolutions of Time,"Dunn, Jonathan",2867,en,Science Fiction/Category: Science-Fiction & Fantasy/Category: Novels,Public domain in the USA.,TRUE
8938,"Zenobia; or, the Fall of Palmyra","Ware, William",2937,en,Historical Fiction/Category: Historical Novels/Category: Novels,Public domain in the USA.,TRUE
8994,What Katy Did,"Coolidge, Susan",1508,en,Children's Literature/Category: Children & Young Adult Reading/Category: Novels/Category: American Literature,Public domain in the USA.,TRUE
8995,What Katy Did Next,"Coolidge, Susan",1508,en,Children's Literature/Category: Children & Young Adult Reading/Category: Novels/Category: Travel Writing,Public domain in the USA.,TRUE
9194,The Second Deluge,"Serviss, Garrett Putman",2120,en,Science Fiction/Category: Science-Fiction & Fantasy/Category: Novels/Category: American Literature,Public domain in the USA.,TRUE
9297,The Orange-Yellow Diamond,"Fletcher, J. S. (Joseph Smith)",1761,en,"Detective Fiction/Category: Crime, Thrillers and Mystery/Category: Novels/Category: British Literature",Public domain in the USA.,TRUE
9377,"London Pride, Or, When the World Was Younger","Braddon, M. E. (Mary Elizabeth)",2957,en,Historical Fiction/Category: Historical Novels/Category: Novels/Category: British Literature,Public domain in the USA.,TRUE
9415,Olaf the Glorious: A Story of the Viking Age,"Leighton, Robert",3054,en,Historical Fiction/Category: Historical Novels/Category: Adventure,Public domain in the USA.,TRUE
9746,The Ashiel mystery : $b a detective story,"Bryce, Marion",3129,en,"Detective Fiction/Category: Crime, Thrillers and Mystery/Category: Novels/Category: British Literature",Public domain in the USA.,TRUE
9756,"Leila or, the Siege of Granada, Book I.","Lytton, Edward Bulwer Lytton, Baron",761,en,Historical Fiction/Category: Historical Novels/Category: Romance/Category: British Literature,Public domain in the USA.,TRUE
9807,Scarhaven Keep,"Fletcher, J. S. (Joseph Smith)",1761,en,"Detective Fiction/Category: Crime, Thrillers and Mystery/Category: Novels/Category: British Literature",Public domain in the USA.,TRUE
9834,The Talleyrand Maxim,"Fletcher, J. S. (Joseph Smith)",1761,en,"Detective Fiction/Category: Crime, Thrillers and Mystery/Category: Novels/Category: British Literature",Public domain in the USA.,TRUE
9845,The Spy,"Cooper, James Fenimore",483,en,Historical Fiction/Category: Historical Novels/Category: Novels/Category: American Literature,Public domain in the USA.,TRUE
9862,City of Endless Night,"Hastings, Milo",4956,en,Science Fiction/Category: Science-Fiction & Fantasy/Category: Novels,Public domain in the USA.,TRUE
9909,Nightmare Abbey,"Peacock, Thomas Love",493,en,Gothic Fiction/Category: Humour/Category: Novels/Category: British Literature,Public domain in the USA.,TRUE
9963,"Elsie's Girlhood
A Sequel to ""Elsie Dinsmore"" and ""Elsie's Holidays at Roselands""","Finley, Martha",2044,en,Children's Book Series/Category: Children & Young Adult Reading/Category: Novels/Category: American Literature,Public domain in the USA.,TRUE
9990,"Brave and Bold; Or, The Fortunes of Robert Rushton","Alger, Horatio, Jr.",168,en,Children's Fiction/Category: Children & Young Adult Reading/Category: Novels/Category: American Literature,Public domain in the USA.,TRUE
10002,The House on the Borderland,"Hodgson, William Hope",3260,en,"Science Fiction/Fantasy/Horror/Category: Science-Fiction & Fantasy/Category: Crime, Thrillers and Mystery/Category: Novels/Category: British Literature",Public domain in the USA.,TRUE
10007,Carmilla,"Le Fanu, Joseph Sheridan",272,en,Horror/Gothic Fiction/Category: Science-Fiction & Fantasy/Category: Novels/Category: Classics of Literature/Category: British Literature,Public domain in the USA.,TRUE
10067,The Mystery of the Boule Cabinet: A Detective Story,"Stevenson, Burton Egbert",980,en,"Detective Fiction/Category: Crime, Thrillers and Mystery/Category: Novels/Category: American Literature",Public domain in the USA.,TRUE
10317,"Betty Gordon at Boarding School; Or, The Treasure of Indian Chasm","Emerson, Alice B.",1619,en,School Stories/Children's Book Series/Category: Children & Young Adult Reading/Category: Adventure/Category: Novels,Public domain in the USA.,TRUE
10430,Trips to the Moon,"Lucian, of Samosata",1997,en,Precursors of Science Fiction/Category: Science-Fiction & Fantasy/Category: Humour/Category: Adventure/Category: Classics of Literature,Public domain in the USA.,TRUE
10556,The Old Man in the Corner,"Orczy, Emmuska Orczy, Baroness",45,en,"Detective Fiction/Category: Short Stories/Category: Crime, Thrillers and Mystery/Category: British Literature",Public domain in the USA.,TRUE
10662,The Night Land,"Hodgson, William Hope",3260,en,Science Fiction/Fantasy/Horror/Category: Science-Fiction & Fantasy/Category: Novels/Category: British Literature,Public domain in the USA.,TRUE
10743,Moonfleet,"Falkner, John Meade",3660,en,Adventure/Historical Fiction/Movie Books/Category: Historical Novels/Category: Adventure/Category: Novels/Category: British Literature,Public domain in the USA.,TRUE
10966,The Ghost Pirates,"Hodgson, William Hope",3260,en,"Science Fiction/Pirates, Buccaneers, Corsairs, etc./Category: Science-Fiction & Fantasy/Category: Crime, Thrillers and Mystery/Category: Novels/Category: British Literature",Public domain in the USA.,TRUE
11082,Old Saint Paul's: A Tale of the Plague and the Fire,"Ainsworth, William Harrison",1056,en,Historical Fiction/Category: Historical Novels/Category: Novels/Category: British Literature,Public domain in the USA.,TRUE
11128,The Red Thumb Mark,"Freeman, R. Austin (Richard Austin)",3551,en,"Detective Fiction/Category: Crime, Thrillers and Mystery/Category: Novels/Category: British Literature",Public domain in the USA.,TRUE
11252,"Martin Hewitt, Investigator","Morrison, Arthur",3903,en,"Detective Fiction/Category: Short Stories/Category: Crime, Thrillers and Mystery/Category: British Literature",Public domain in the USA.,TRUE
11323,"Caleb Williams; Or, Things as They Are","Godwin, William",380,en,Gothic Fiction/Category: Novels/Category: British Literature,Public domain in the USA.,TRUE
11451,The Rome Express,"Griffiths, Arthur",3987,en,"Detective Fiction/Category: Crime, Thrillers and Mystery/Category: Novels",Public domain in the USA.,TRUE
11574,Master Skylark: A Story of Shakspere's Time,"Bennett, John",4032,en,Historical Fiction/Category: Historical Novels/Category: Children & Young Adult Reading/Category: Adventure/Category: British Literature,Public domain in the USA.,TRUE
12122,"The Monkey's Paw
The Lady of the Barge and Others, Part 2.","Jacobs, W. W. (William Wymark)",1865,en,Gothic Fiction/Category: Short Stories,Public domain in the USA.,TRUE
12187,The Mystery of 31 New Inn,"Freeman, R. Austin (Richard Austin)",3551,en,"Detective Fiction/Category: Crime, Thrillers and Mystery/Category: Novels/Category: British Literature",Public domain in the USA.,TRUE
12259,"Memoirs of a Cavalier
A Military Journal of the Wars in Germany, and the Wars in England.
From the Year 1632 to the Year 1648.","Defoe, Daniel",204,en,Germany/Historical Fiction/Category: Historical Novels/Category: Adventure/Category: British Literature,Public domain in the USA.,TRUE
12509,The Moon Rock,"Rees, Arthur J. (Arthur John)",4400,en,Detective Fiction/Category: Novels,Public domain in the USA.,TRUE
12847,Havelok the Dane: A Legend of Old Grimsby and Lincoln,"Whistler, Charles W. (Charles Watts)",4801,en,"Historical Fiction/Category: Historical Novels/Category: Adventure/Category: Mythology, Legends & Folklore/Category: British Literature",Public domain in the USA.,TRUE
12932,Four Max Carrados Detective Stories,"Bramah, Ernest",529,en,"Detective Fiction/Category: Short Stories/Category: Crime, Thrillers and Mystery/Category: British Literature",Public domain in the USA.,TRUE
13054,A Thane of Wessex: Being a Story of the Great Viking Raids into Somerset,"Whistler, Charles W. (Charles Watts)",4801,en,Historical Fiction/Category: Historical Novels/Category: Adventure,Public domain in the USA.,TRUE
13183,In the Days of Chivalry: A Tale of the Times of the Black Prince,"Everett-Green, Evelyn",4888,en,Historical Fiction/Category: Historical Novels/Category: Adventure/Category: British Literature,Public domain in the USA.,TRUE
13215,"Edwy the Fair or the First Chronicle of Aescendune
A Tale of the Days of Saint Dunstan","Crake, A. D. (Augustine David)",4926,en,Historical Fiction/Category: Historical Novels/Category: Adventure/Category: British Literature,Public domain in the USA.,TRUE
13227,The Lord of Dynevor: A Tale of the Times of Edward the First,"Everett-Green, Evelyn",4888,en,Historical Fiction/Category: Historical Novels/Category: Adventure/Category: British Literature,Public domain in the USA.,TRUE
13243,In the Palace of the King: A Love Story of Old Madrid,"Crawford, F. Marion (Francis Marion)",1316,en,Historical Fiction/Category: Historical Novels/Category: Romance,Public domain in the USA.,TRUE
13305,"Alfgar the Dane or the Second Chronicle of Aescendune
A Tale of the Days of Edmund Ironside","Crake, A. D. (Augustine David)",4926,en,Historical Fiction/Category: Historical Novels/Category: Novels/Category: British Literature,Public domain in the USA.,TRUE
13372,The Gloved Hand,"Stevenson, Burton Egbert",980,en,"Detective Fiction/Category: Crime, Thrillers and Mystery/Category: Novels",Public domain in the USA.,TRUE
13375,The Rival Heirs; being the Third and Last Chronicle of Aescendune,"Crake, A. D. (Augustine David)",4926,en,Historical Fiction/Category: Historical Novels/Category: Novels/Category: British Literature,Public domain in the USA.,TRUE
13404,Tom Tufton's Travels,"Everett-Green, Evelyn",4888,en,Historical Fiction/Category: Adventure/Category: Novels/Category: British Literature,Public domain in the USA.,TRUE
13423,Zarlah the Martian,"Grisewood, R. Norman (Robert Norman)",5042,en,Science Fiction/Category: Science-Fiction & Fantasy/Category: Novels,Public domain in the USA.,TRUE
13567,Clementina,"Mason, A. E. W. (Alfred Edward Woodley)",1564,en,Historical Fiction/Category: Historical Novels/Category: Adventure/Category: British Literature,Public domain in the USA.,TRUE
13716,A Trip to Venus: A Novel,"Munro, John",496,en,Science Fiction/Category: Science-Fiction & Fantasy/Category: Novels,Public domain in the USA.,TRUE
13752,Wulfric the Weapon Thane: A Story of the Danish Conquest of East Anglia,"Whistler, Charles W. (Charles Watts)",4801,en,Historical Fiction/Category: Historical Novels/Category: Adventure/Category: British Literature,Public domain in the USA.,TRUE
13783,The Boy Inventors' Radio Telephone,"Bonner, Richard",5217,en,Technology/Children's Book Series/Category: Children & Young Adult Reading/Category: Adventure/Category: Novels,Public domain in the USA.,TRUE
13815,The Talking Beasts: A Book of Fable Wisdom,NA,NA,en,"Children's Literature/Category: Children & Young Adult Reading/Category: Mythology, Legends & Folklore",Public domain in the USA.,TRUE
13882,"John Thorndyke's Cases
related by Christopher Jervis and edited by R. Austin Freeman","Freeman, R. Austin (Richard Austin)",3551,en,"Detective Fiction/Category: Short Stories/Category: Crime, Thrillers and Mystery/Category: British Literature",Public domain in the USA.,TRUE
13897,The Adventure Club Afloat,"Barbour, Ralph Henry",2067,en,Children's Book Series/Category: Children & Young Adult Reading/Category: Adventure/Category: Novels/Category: American Literature,Public domain in the USA.,TRUE
13944,"After London; Or, Wild England","Jefferies, Richard",229,en,Precursors of Science Fiction/Best Books Ever Listings/United Kingdom/Category: Science-Fiction & Fantasy/Category: Adventure/Category: Novels/Category: British Literature,Public domain in the USA.,TRUE
14301,Atlantida,"Benoît, Pierre",5457,en,"Science Fiction/Category: Adventure/Category: Novels/Category: Mythology, Legends & Folklore/Category: French Literature",Public domain in the USA.,TRUE
14332,Cleek: the Man of the Forty Faces,"Hanshew, Thomas W.",5480,en,"Detective Fiction/Category: Crime, Thrillers and Mystery/Category: Novels/Category: British Literature",Public domain in the USA.,TRUE
14534,Christmas with Grandma Elsie,"Finley, Martha",2044,en,Children's Book Series/Christmas/Category: Children & Young Adult Reading/Category: Novels/Category: American Literature,Public domain in the USA.,TRUE
14813,The Life and Death of Richard Yea-and-Nay,"Hewlett, Maurice",1864,en,"Historical Fiction/Bestsellers, American, 1895-1923/Category: Historical Novels/Category: Novels/Category: British Literature",Public domain in the USA.,TRUE
14875,Elsie's children,"Finley, Martha",2044,en,Children's Book Series/Category: Children & Young Adult Reading/Category: Novels/Category: American Literature/Category: Parenthood & Family Relations,Public domain in the USA.,TRUE
14883,Grandmother Elsie,"Finley, Martha",2044,en,Children's Book Series/Category: Novels/Category: American Literature,Public domain in the USA.,TRUE
15281,Uncle Wiggily's Adventures,"Garis, Howard Roger",808,en,Children's Book Series/Category: Children & Young Adult Reading/Category: Adventure,Public domain in the USA.,TRUE
15493,The Lancashire Witches: A Romance of Pendle Forest,"Ainsworth, William Harrison",1056,en,Historical Fiction/Category: Historical Novels/Category: Novels/Category: British Literature,Public domain in the USA.,TRUE
15651,"His Grace of Osmonde
Being the Portions of That Nobleman's Life Omitted in the Relation of His Lady's Story Presented to the World of Fashion under the Title of A Lady of Quality","Burnett, Frances Hodgson",73,en,Historical Fiction/Category: Historical Novels,Public domain in the USA.,TRUE
15694,"A Friend of Cæsar: A Tale of the Fall of the Roman Republic. Time, 50-47 B.C.","Davis, William Stearns",1557,en,Historical Fiction/Category: Historical Novels/Category: Novels,Public domain in the USA.,TRUE
15769,In the Wars of the Roses: A Story for the Young,"Everett-Green, Evelyn",4888,en,Historical Fiction/Category: Historical Novels/Category: Children & Young Adult Reading/Category: Adventure/Category: British Literature,Public domain in the USA.,TRUE
15798,Clover,"Coolidge, Susan",1508,en,Children's Literature/Category: Children & Young Adult Reading/Category: Novels/Category: American Literature,Public domain in the USA.,TRUE
15868,"The Man Without a Country, and Other Tales","Hale, Edward Everett",650,en,Historical Fiction/Harvard Classics/Category: Short Stories/Category: American Literature,Public domain in the USA.,TRUE
16100,Marietta: A Maid of Venice,"Crawford, F. Marion (Francis Marion)",1316,en,Historical Fiction/Category: Historical Novels/Category: Romance/Category: Novels,Public domain in the USA.,TRUE
16196,"King Olaf's Kinsman
A Story of the Last Saxon Struggle against the Danes in the Days of Ironside and Cnut","Whistler, Charles W. (Charles Watts)",4801,en,Historical Fiction/Category: Historical Novels/Category: Adventure/Category: British Literature,Public domain in the USA.,TRUE
16259,The Surprising Adventures of the Magical Monarch of Mo and His People,"Baum, L. Frank (Lyman Frank)",42,en,Children's Literature/Fantasy/Category: Children & Young Adult Reading/Category: Science-Fiction & Fantasy/Category: Humour/Category: Novels/Category: American Literature,Public domain in the USA.,TRUE
16339,The Passenger from Calais,"Griffiths, Arthur",3987,en,"Detective Fiction/Category: Crime, Thrillers and Mystery/Category: Novels",Public domain in the USA.,TRUE
16720,"Marzio's Crucifix, and Zoroaster","Crawford, F. Marion (Francis Marion)",1316,en,Historical Fiction/Category: Novels,Public domain in the USA.,TRUE
16921,Plague Ship,"Norton, Andre",7021,en,"Science Fiction/Pirates, Buccaneers, Corsairs, etc./Science Fiction by Women/Category: Science-Fiction & Fantasy/Category: Adventure",Public domain in the USA.,TRUE
17355,The Runaway Skyscraper,"Leinster, Murray",7321,en,Science Fiction/Category: Science-Fiction & Fantasy/Category: Romance/Category: Adventure/Category: Novels/Category: American Literature,Public domain in the USA.,TRUE
17412,"The Bobbsey Twins
Or, Merry Days Indoors and Out","Hope, Laura Lee",367,en,Children's Book Series/Category: Children & Young Adult Reading/Category: Novels/Category: American Literature,Public domain in the USA.,TRUE
17597,Halil the Pedlar: A Tale of Old Stambul,"Jókai, Mór",5845,en,Historical Fiction/Category: Historical Novels/Category: Novels,Public domain in the USA.,TRUE
17763,The Mystery of the Hasty Arrow,"Green, Anna Katharine",541,en,"Detective Fiction/Category: Crime, Thrillers and Mystery/Category: Novels/Category: American Literature",Public domain in the USA.,TRUE
17851,"The History of Mary Prince, a West Indian Slave","Prince, Mary",7648,en,Historical Fiction/Category: Biographies/Category: History - British/Category: History - Modern (1750+),Public domain in the USA.,TRUE
17866,Murder in the Gunroom,"Piper, H. Beam",8301,en,"Crime Fiction/Category: Crime, Thrillers and Mystery/Category: Novels/Category: American Literature",Public domain in the USA.,TRUE
17870,Operation Terror,"Leinster, Murray",7321,en,Science Fiction/Category: Science-Fiction & Fantasy/Category: Novels,Public domain in the USA.,TRUE
17958,Warlord of Kor,"Carr, Terry",7721,en,Science Fiction/Category: Science-Fiction & Fantasy/Category: Novels,Public domain in the USA.,TRUE
18019,The Luckiest Girl in the School,"Brazil, Angela",2544,en,School Stories/Children's Fiction/Category: Children & Young Adult Reading/Category: Novels/Category: British Literature,Public domain in the USA.,TRUE
18105,Genesis,"Piper, H. Beam",8301,en,Science Fiction/Category: Science-Fiction & Fantasy/Category: Novels,Public domain in the USA.,TRUE
18109,Graveyard of Dreams,"Piper, H. Beam",8301,en,Science Fiction/Category: Science-Fiction & Fantasy/Category: Novels,Public domain in the USA.,TRUE
18137,Little Fuzzy,"Piper, H. Beam",8301,en,Science Fiction/Category: Science-Fiction & Fantasy/Category: Novels,Public domain in the USA.,TRUE
18139,Rip Foster in Ride the Gray Planet,"Goodwin, Harold L. (Harold Leland)",7833,en,Science Fiction/Category: Science-Fiction & Fantasy/Category: Adventure,Public domain in the USA.,TRUE
18172,This World Is Taboo,"Leinster, Murray",7321,en,Science Fiction/Category: Science-Fiction & Fantasy/Category: Novels,Public domain in the USA.,TRUE
18247,The Last Man,"Shelley, Mary Wollstonecraft",61,en,Precursors of Science Fiction/Science Fiction by Women/Category: Science-Fiction & Fantasy/Category: Novels/Category: British Literature,Public domain in the USA.,TRUE
18361,Operation: Outer Space,"Leinster, Murray",7321,en,Science Fiction/Category: Science-Fiction & Fantasy/Category: Novels,Public domain in the USA.,TRUE
18387,The Days of Bruce: A Story from Scottish History. Vol. 1,"Aguilar, Grace",4336,en,Historical Fiction/Category: Historical Novels/Category: British Literature,Public domain in the USA.,TRUE
18420,The Bobbsey Twins at Home,"Hope, Laura Lee",367,en,Children's Book Series/Category: Children & Young Adult Reading/Category: Adventure/Category: Novels,Public domain in the USA.,TRUE
18458,Star Born,"Norton, Andre",7021,en,Science Fiction/Science Fiction by Women/Category: Science-Fiction & Fantasy/Category: Novels,Public domain in the USA.,TRUE
18492,Star Surgeon,"Nourse, Alan Edward",25579,en,Science Fiction/Category: Science-Fiction & Fantasy/Category: Novels,Public domain in the USA.,TRUE
18505,A Popular Schoolgirl,"Brazil, Angela",2544,en,School Stories/Children's Fiction/Category: Children & Young Adult Reading/Category: Novels/Category: British Literature,Public domain in the USA.,TRUE
18520,Sabotage in Space,"Rockwell, Carey",8081,en,Science Fiction/Category: Children & Young Adult Reading/Category: Science-Fiction & Fantasy/Category: Adventure,Public domain in the USA.,TRUE
18581,Adrift in New York: Tom and Florence Braving the World,"Alger, Horatio, Jr.",168,en,Children's Fiction/Category: Novels/Category: American Literature,Public domain in the USA.,TRUE
18602,"The Fourth ""R""","Smith, George O. (George Oliver)",8137,en,Science Fiction/Category: Science-Fiction & Fantasy/Category: Novels,Public domain in the USA.,TRUE
18614,At the Back of the North Wind,"MacDonald, George",127,en,Children's Literature/Category: Children & Young Adult Reading/Category: Novels/Category: British Literature,Public domain in the USA.,TRUE
18614,At the Back of the North Wind,"Lewis, Elizabeth",8149,en,Children's Literature/Category: Children & Young Adult Reading/Category: Novels/Category: British Literature,Public domain in the USA.,TRUE
18668,In Search of the Unknown,"Chambers, Robert W. (Robert William)",38191,en,Science Fiction/Category: Science-Fiction & Fantasy/Category: Adventure/Category: Novels/Category: American Literature,Public domain in the USA.,TRUE
18753,The Space Pioneers,"Rockwell, Carey",8081,en,Science Fiction/Category: Science-Fiction & Fantasy/Category: Adventure,Public domain in the USA.,TRUE
18761,The Circular Study,"Green, Anna Katharine",541,en,"Detective Fiction/Category: Crime, Thrillers and Mystery/Category: Novels/Category: American Literature",Public domain in the USA.,TRUE
18768,The Sky Is Falling,"Del Rey, Lester",8240,en,Science Fiction/Category: Science-Fiction & Fantasy/Category: Novels,Public domain in the USA.,TRUE
18786,Treachery in Outer Space,"Rockwell, Carey",8081,en,Science Fiction/Category: Science-Fiction & Fantasy/Category: Adventure/Category: Novels,Public domain in the USA.,TRUE
18817,Ralestone Luck,"Norton, Andre",7021,en,Science Fiction/Category: Adventure/Category: Novels,Public domain in the USA.,TRUE
18846,Voodoo Planet,"Norton, Andre",7021,en,Science Fiction/Science Fiction by Women/Category: Science-Fiction & Fantasy/Category: Novels,Public domain in the USA.,TRUE
19027,The Revolt on Venus,"Rockwell, Carey",8081,en,Science Fiction/Category: Science-Fiction & Fantasy/Category: Adventure,Public domain in the USA.,TRUE
19066,Brigands of the Moon,"Cummings, Ray",8443,en,Science Fiction/Category: Science-Fiction & Fantasy/Category: Novels,Public domain in the USA.,TRUE
19079,The Adventures of Lightfoot the Deer,"Burgess, Thornton W. (Thornton Waldo)",717,en,Children's Literature/Children's Book Series/Category: Children & Young Adult Reading/Category: Novels/Category: Nature/Gardening/Animals,Public domain in the USA.,TRUE
19111,Code Three,"Raphael, Rick",8476,en,Science Fiction/Category: Science-Fiction & Fantasy/Category: Novels,Public domain in the USA.,TRUE
19207,The Firelight Fairy Book,"Beston, Henry",4320,en,"Children's Myths, Fairy Tales, etc./Category: Short Stories/Category: Children & Young Adult Reading/Category: Science-Fiction & Fantasy/Category: Mythology, Legends & Folklore",Public domain in the USA.,TRUE
19231,The mummy and Miss Nitocris : a phantasy of the fourth dimension,"Griffith, George Chetwynd",8557,en,Science Fiction/Category: Science-Fiction & Fantasy/Category: Novels,Public domain in the USA.,TRUE
19337,A Christmas Carol,"Dickens, Charles",37,en,Children's Literature/Christmas/Category: Novels/Category: Classics of Literature/Category: British Literature,Public domain in the USA.,TRUE
19360,Six to Sixteen: A Story for Girls,"Ewing, Juliana Horatia",1803,en,Children's Literature/Category: Children & Young Adult Reading/Category: Novels/Category: British Literature,Public domain in the USA.,TRUE
19369,The Triumphs of Eugène Valmont,"Barr, Robert",1616,en,"Detective Fiction/Category: Short Stories/Category: Crime, Thrillers and Mystery",Public domain in the USA.,TRUE
19471,Badge of Infamy,"Del Rey, Lester",8240,en,Science Fiction/Category: Science-Fiction & Fantasy/Category: Novels,Public domain in the USA.,TRUE
19476,A Honeymoon in Space,"Griffith, George Chetwynd",8557,en,Science Fiction/Category: Science-Fiction & Fantasy/Category: Romance/Category: Adventure/Category: British Literature,Public domain in the USA.,TRUE
19660,Man of Many Minds,"Evans, E. Everett (Edward Everett)",8800,en,Science Fiction/Category: Science-Fiction & Fantasy/Category: Novels,Public domain in the USA.,TRUE
19672,The Holladay case : $b a tale,"Stevenson, Burton Egbert",980,en,"Detective Fiction/Category: Crime, Thrillers and Mystery/Category: Novels/Category: American Literature",Public domain in the USA.,TRUE
19726,The Door Through Space,"Bradley, Marion Zimmer",8842,en,Science Fiction/Science Fiction by Women/Category: Science-Fiction & Fantasy/Category: Novels,Public domain in the USA.,TRUE
19963,Stop Look and Dig,"Smith, George O. (George Oliver)",8137,en,"Science Fiction/Category: Science-Fiction & Fantasy/Category: Crime, Thrillers and Mystery/Category: Novels",Public domain in the USA.,TRUE
19964,Regeneration,"Dye, Charles",45153,en,Science Fiction/Category: Science-Fiction & Fantasy/Category: Novels,Public domain in the USA.,TRUE
19977,The Blue Pavilions,"Quiller-Couch, Arthur",3579,en,Historical Fiction/Category: Historical Novels/Category: Novels/Category: British Literature,Public domain in the USA.,TRUE
20081,A Houseful of Girls,"Tytler, Sarah",2248,en,Children's Fiction/Category: Novels/Category: British Literature,Public domain in the USA.,TRUE
20147,Rip Foster Rides the Gray Planet,"Goodwin, Harold L. (Harold Leland)",7833,en,Science Fiction/Category: Science-Fiction & Fantasy/Category: Adventure/Category: Novels,Public domain in the USA.,TRUE
20154,Invaders from the Infinite,"Campbell, John W., Jr. (John Wood)",9112,en,Science Fiction/Category: Science-Fiction & Fantasy/Category: Novels,Public domain in the USA.,TRUE
20163,The Jolliest School of All,"Brazil, Angela",2544,en,Children's Fiction/Category: Children & Young Adult Reading/Category: Novels/Category: British Literature,Public domain in the USA.,TRUE
20212,Police Your Planet,"Del Rey, Lester",8240,en,"Science Fiction/Category: Science-Fiction & Fantasy/Category: Crime, Thrillers and Mystery/Category: Novels",Public domain in the USA.,TRUE
20219,The Lion's Brood,"Osborne, Duffield",9164,en,Historical Fiction/Category: Historical Novels/Category: Novels,Public domain in the USA.,TRUE
20472,"Grace Harlowe's Plebe Year at High School
The Merry Doings of the Oakdale Freshmen Girls","Chase, Josephine",1598,en,School Stories/Children's Book Series/Category: Children & Young Adult Reading/Category: Novels/Category: American Literature,Public domain in the USA.,TRUE
20494,The Shrieking Pit,"Rees, Arthur J. (Arthur John)",4400,en,"Detective Fiction/Category: Crime, Thrillers and Mystery/Category: Novels/Category: British Literature",Public domain in the USA.,TRUE
20519,Highways in Hiding,"Smith, George O. (George Oliver)",8137,en,Science Fiction/Category: Science-Fiction & Fantasy/Category: Novels,Public domain in the USA.,TRUE
20546,The Hand in the Dark,"Rees, Arthur J. (Arthur John)",4400,en,"Detective Fiction/Category: Crime, Thrillers and Mystery/Category: Novels/Category: British Literature",Public domain in the USA.,TRUE
20551,The White Invaders,"Cummings, Ray",8443,en,"Science Fiction/Astounding Stories/Category: Science-Fiction & Fantasy/Category: Crime, Thrillers and Mystery/Category: Adventure",Public domain in the USA.,TRUE
20553,Out Around Rigel,"Wilson, Robert H.",9379,en,Science Fiction/Astounding Stories/Category: Science-Fiction & Fantasy/Category: Novels,Public domain in the USA.,TRUE
20559,"R. Holmes & Co.
Being the Remarkable Adventures of Raffles Holmes, Esq., Detective and Amateur Cracksman by Birth","Bangs, John Kendrick",979,en,"Detective Fiction/Category: Short Stories/Category: Crime, Thrillers and Mystery/Category: Humour/Category: American Literature",Public domain in the USA.,TRUE
20606,The Magic City,"Nesbit, E. (Edith)",407,en,Children's Literature/Children's Fiction/Category: Children & Young Adult Reading/Category: Science-Fiction & Fantasy/Category: Adventure/Category: Novels/Category: British Literature,Public domain in the USA.,TRUE
20707,The Black Star Passes,"Campbell, John W., Jr. (John Wood)",9112,en,Science Fiction/Category: Science-Fiction & Fantasy/Category: Adventure,Public domain in the USA.,TRUE
20730,For the Sake of the School,"Brazil, Angela",2544,en,School Stories/Children's Fiction/Category: Children & Young Adult Reading/Category: Novels/Category: British Literature/Category: History - Schools & Universities,Public domain in the USA.,TRUE
20739,Rebels of the Red Planet,"Fontenay, Charles L.",9500,en,Science Fiction/Category: Science-Fiction & Fantasy/Category: Novels,Public domain in the USA.,TRUE
20781,"Heidi
(Gift Edition)","Spyri, Johanna",2491,en,Children's Literature/Category: Children & Young Adult Reading/Category: Novels,Public domain in the USA.,TRUE
20782,Triplanetary,"Smith, E. E. (Edward Elmer)",9515,en,Science Fiction/Category: Science-Fiction & Fantasy/Category: Adventure/Category: Novels,Public domain in the USA.,TRUE
20795,The Cricket on the Hearth,"Dickens, Charles",37,en,Children's Literature/Category: Novels/Category: British Literature,Public domain in the USA.,TRUE
20796,The Colors of Space,"Bradley, Marion Zimmer",8842,en,Science Fiction/Science Fiction by Women/Category: Children & Young Adult Reading/Category: Science-Fiction & Fantasy/Category: Adventure,Public domain in the USA.,TRUE
20838,The Infra-Medians,"Wright, Sewell Peaslee",9555,en,Science Fiction/Astounding Stories/Category: Science-Fiction & Fantasy/Category: Novels,Public domain in the USA.,TRUE
20856,Ten From Infinity,"Fairman, Paul W.",9567,en,Science Fiction/Category: Science-Fiction & Fantasy/Category: Novels,Public domain in the USA.,TRUE
20857,Spacehounds of IPC,"Smith, E. E. (Edward Elmer)",9515,en,Science Fiction/Category: Science-Fiction & Fantasy/Category: Adventure,Public domain in the USA.,TRUE
20859,Wandl the Invader,"Cummings, Ray",8443,en,Science Fiction/Astounding Stories/Category: Science-Fiction & Fantasy/Category: Adventure,Public domain in the USA.,TRUE
20877,Mother West Wind's Children,"Burgess, Thornton W. (Thornton Waldo)",717,en,Children's Literature/Children's Book Series/Category: Children & Young Adult Reading,Public domain in the USA.,TRUE
20898,The Galaxy Primes,"Smith, E. E. (Edward Elmer)",9515,en,Science Fiction/Category: Science-Fiction & Fantasy/Category: Novels,Public domain in the USA.,TRUE
20912,The Daffodil Mystery,"Wallace, Edgar",999,en,"Detective Fiction/Category: Crime, Thrillers and Mystery/Category: Novels/Category: British Literature",Public domain in the USA.,TRUE
20919,The Status Civilization,"Sheckley, Robert",2960,en,Science Fiction/Category: Science-Fiction & Fantasy/Category: Novels,Public domain in the USA.,TRUE
20988,Islands of Space,"Campbell, John W., Jr. (John Wood)",9112,en,Science Fiction/Category: Science-Fiction & Fantasy/Category: Novels,Public domain in the USA.,TRUE
21051,Skylark Three,"Smith, E. E. (Edward Elmer)",9515,en,Science Fiction/Category: Science-Fiction & Fantasy/Category: Novels/Category: American Literature,Public domain in the USA.,TRUE
21094,The Girl in the Golden Atom,"Cummings, Ray",8443,en,Science Fiction/Category: Science-Fiction & Fantasy/Category: Adventure/Category: Novels/Category: American Literature,Public domain in the USA.,TRUE
21279,2 B R 0 2 B,"Vonnegut, Kurt",9812,en,Science Fiction/Category: Short Stories/Category: Science-Fiction & Fantasy/Category: American Literature,Public domain in the USA.,TRUE
21298,The Black Tor: A Tale of the Reign of James the First,"Fenn, George Manville",3840,en,Historical Fiction/Category: Historical Novels/Category: Novels,Public domain in the USA.,TRUE
21315,The King's Sons,"Fenn, George Manville",3840,en,Historical Fiction/Category: Historical Novels/Category: Adventure/Category: British Literature,Public domain in the USA.,TRUE
21510,Legacy,"Schmitz, James H.",24957,en,Science Fiction/Category: Science-Fiction & Fantasy/Category: Novels,Public domain in the USA.,TRUE
21530,The Angel of Terror,"Wallace, Edgar",999,en,"Detective Fiction/Category: Crime, Thrillers and Mystery/Category: Novels/Category: British Literature",Public domain in the USA.,TRUE
21541,"Quiet, Please","Scott, Kevin",24772,en,Science Fiction/Category: Short Stories/Category: Science-Fiction & Fantasy/Category: Humour,Public domain in the USA.,TRUE
21568,Sweet Their Blood and Sticky,"Teichner, Albert",24789,en,Science Fiction/Category: Short Stories/Category: Science-Fiction & Fantasy,Public domain in the USA.,TRUE
21582,The Mightiest Man,"Fahy, Patrick",24795,en,Science Fiction/Category: Science-Fiction & Fantasy,Public domain in the USA.,TRUE
21626,"Adrift in the Wilds; Or, The Adventures of Two Shipwrecked Boys","Ellis, Edward Sylvester",2569,en,Children's Fiction/Category: Historical Novels/Category: Adventure/Category: Novels/Category: American Literature,Public domain in the USA.,TRUE
21627,Gambler's World,"Laumer, Keith",24817,en,Science Fiction/Category: Science-Fiction & Fantasy/Category: Novels,Public domain in the USA.,TRUE
21632,"Fame and Fortune; or, The Progress of Richard Hunter","Alger, Horatio, Jr.",168,en,Children's Fiction/Category: Children & Young Adult Reading/Category: Novels/Category: American Literature,Public domain in the USA.,TRUE
21656,The Princess of the School,"Brazil, Angela",2544,en,School Stories/Children's Fiction/Category: Children & Young Adult Reading/Category: Novels/Category: British Literature,Public domain in the USA.,TRUE
21687,The Youngest Girl in the Fifth: A School Story,"Brazil, Angela",2544,en,School Stories/Children's Fiction/Category: Children & Young Adult Reading/Category: Novels/Category: British Literature,Public domain in the USA.,TRUE
21715,Away in the Wilderness,"Ballantyne, R. M. (Robert Michael)",333,en,Children's Fiction/Category: Adventure/Category: Novels,Public domain in the USA.,TRUE
21782,The Yillian Way,"Laumer, Keith",24817,en,Science Fiction/Category: Science-Fiction & Fantasy/Category: Humour/Category: Novels,Public domain in the USA.,TRUE
21873,Planet of the Damned,"Harrison, Harry",25395,en,Science Fiction/Category: Science-Fiction & Fantasy/Category: Novels,Public domain in the USA.,TRUE
21891,The Brand of Silence: A Detective Story,"McCulley, Johnston",37927,en,"Detective Fiction/Category: Crime, Thrillers and Mystery/Category: Novels/Category: American Literature",Public domain in the USA.,TRUE
21897,An Incident on Route 12,"Schmitz, James H.",24957,en,"Science Fiction/Category: Short Stories/Category: Science-Fiction & Fantasy/Category: Crime, Thrillers and Mystery",Public domain in the USA.,TRUE
21953,"Aurelian; or, Rome in the Third Century","Ware, William",2937,en,Historical Fiction/Category: Historical Novels,Public domain in the USA.,TRUE
21988,Breaking Point,"Gunn, James E.",25015,en,Science Fiction/Category: Science-Fiction & Fantasy/Category: Novels,Public domain in the USA.,TRUE
22031,"The Airplane Boys among the Clouds; Or, Young Aviators in a Wreck","Langworthy, John Luther",3583,en,Children's Book Series/Category: Children & Young Adult Reading/Category: Adventure/Category: Novels,Public domain in the USA.,TRUE
22073,The Repairman,"Harrison, Harry",25395,en,Science Fiction/Category: Science-Fiction & Fantasy/Category: Humour/Category: Adventure,Public domain in the USA.,TRUE
22102,The Hills of Home,"Coppel, Alfred",25110,en,Science Fiction/Category: Science-Fiction & Fantasy/Category: Novels,Public domain in the USA.,TRUE
22110,Martian V.F.W.,"Vandenburg, G. L.",25429,en,Science Fiction/Category: Short Stories/Category: Science-Fiction & Fantasy/Category: Humour,Public domain in the USA.,TRUE
22132,Giants on the Earth,"Meek, S. P. (Sterner St. Paul)",25130,en,Science Fiction/Astounding Stories/Category: Science-Fiction & Fantasy/Category: Novels,Public domain in the USA.,TRUE
22154,Creatures of Vibration,"Vincent, Harl",25146,en,Science Fiction/Astounding Stories/Category: Science-Fiction & Fantasy/Category: Novels,Public domain in the USA.,TRUE
22171,The Radiant Shell,"Ernst, Paul",25157,en,Science Fiction/Astounding Stories/Category: Science-Fiction & Fantasy/Category: Adventure/Category: Novels,Public domain in the USA.,TRUE
22216,Project Mastodon,"Simak, Clifford D.",25185,en,Science Fiction/Category: Science-Fiction & Fantasy/Category: Adventure/Category: Novels/Category: American Literature,Public domain in the USA.,TRUE
22226,The Whispering Spheres,"Winterbotham, R. R. (Russell Robert)",25195,en,Science Fiction/Category: Science-Fiction & Fantasy/Category: Novels,Public domain in the USA.,TRUE
22227,The 4-D Doodler,"Waldeyer, Graph",25196,en,Science Fiction/Category: Science-Fiction & Fantasy/Category: Humour,Public domain in the USA.,TRUE
22234,"Aunt Jo's Scrap Bag, Volume 5
Jimmy's Cruise in the Pinafore, Etc.","Alcott, Louisa May",102,en,Children's Literature/Category: Short Stories/Category: Children & Young Adult Reading,Public domain in the USA.,TRUE
22239,Security,"Anderson, Poul",25203,en,Science Fiction/Category: Science-Fiction & Fantasy/Category: Novels,Public domain in the USA.,TRUE
22301,Valley of Dreams,"Weinbaum, Stanley G. (Stanley Grauman)",25246,en,Science Fiction/Category: Science-Fiction & Fantasy/Category: Novels,Public domain in the USA.,TRUE
22346,Exile,"Fyfe, H. B. (Horace Bowne)",25276,en,Science Fiction/Category: Science-Fiction & Fantasy/Category: Novels,Public domain in the USA.,TRUE
22426,The Players,"Cole, Everett B.",25329,en,Science Fiction/Category: Science-Fiction & Fantasy/Category: Adventure/Category: Novels,Public domain in the USA.,TRUE
22462,Slingshot,"Lande, Irving W.",25337,en,Science Fiction/Category: Science-Fiction & Fantasy/Category: Novels,Public domain in the USA.,TRUE
22466,The Ultimate Experiment,"DeKy, Thornton",25339,en,Science Fiction/Category: Science-Fiction & Fantasy/Category: Novels,Public domain in the USA.,TRUE
22470,The Bell Tone,"Leftwich, Edmund Harry",25341,en,Science Fiction/Category: Science-Fiction & Fantasy/Category: Novels,Public domain in the USA.,TRUE
22512,The Stutterer,"Merliss, Reuben (Reuben Robert)",25372,en,Science Fiction/Category: Science-Fiction & Fantasy/Category: Novels,Public domain in the USA.,TRUE
22513,Sense from Thought Divide,"Clifton, Mark",25374,en,Science Fiction/Category: Science-Fiction & Fantasy/Category: Novels/Category: American Literature,Public domain in the USA.,TRUE
22524,The Hunters,"Samachson, Joseph",33434,en,Science Fiction/Category: Science-Fiction & Fantasy/Category: Novels,Public domain in the USA.,TRUE
22526,Cubs of the Wolf,"Jones, Raymond F.",25386,en,Science Fiction/Category: Science-Fiction & Fantasy,Public domain in the USA.,TRUE
22538,The Devil's Asteroid,"Wellman, Manly Wade",25394,en,Science Fiction/Category: Science-Fiction & Fantasy/Category: Novels,Public domain in the USA.,TRUE
22540,The K-Factor,"Harrison, Harry",25395,en,Science Fiction/Category: Science-Fiction & Fantasy/Category: Novels,Public domain in the USA.,TRUE
22541,The Misplaced Battleship,"Harrison, Harry",25395,en,"Science Fiction/Category: Science-Fiction & Fantasy/Category: Crime, Thrillers and Mystery/Category: Adventure",Public domain in the USA.,TRUE
22544,A World is Born,"Brackett, Leigh",25398,en,Science Fiction/Science Fiction by Women/Category: Science-Fiction & Fantasy/Category: Novels,Public domain in the USA.,TRUE
22545,Warning from the Stars,"Cocking, Ron",25399,en,Science Fiction/Category: Science-Fiction & Fantasy/Category: Novels,Public domain in the USA.,TRUE
22549,Space Prison,"Godwin, Tom",25402,en,Science Fiction/Category: Science-Fiction & Fantasy/Category: Novels,Public domain in the USA.,TRUE
22559,The Day of the Boomer Dukes,"Pohl, Frederik",25413,en,Science Fiction/Category: Science-Fiction & Fantasy/Category: Novels/Category: American Literature,Public domain in the USA.,TRUE
22560,The Worshippers,"Knight, Damon",25414,en,Science Fiction/Category: Science-Fiction & Fantasy/Category: Novels,Public domain in the USA.,TRUE
22579,Bread Overhead,"Leiber, Fritz",25421,en,Science Fiction/Category: Short Stories/Category: Science-Fiction & Fantasy/Category: Humour,Public domain in the USA.,TRUE
22585,—And Devious the Line of Duty,"Godwin, Tom",25402,en,Science Fiction/Category: Science-Fiction & Fantasy/Category: Novels,Public domain in the USA.,TRUE
22589,"Jubilation, U.S.A.","Vandenburg, G. L.",25429,en,Science Fiction/Category: Short Stories/Category: Science-Fiction & Fantasy/Category: American Literature,Public domain in the USA.,TRUE
22590,Wind,"Fontenay, Charles L.",9500,en,Science Fiction/Category: Science-Fiction & Fantasy,Public domain in the USA.,TRUE
22596,Measure for a Loner,"Harmon, Jim",35040,en,Science Fiction/Category: Science-Fiction & Fantasy,Public domain in the USA.,TRUE
22597,Question of Comfort,"Cole, Les",25434,en,Science Fiction/Category: Science-Fiction & Fantasy/Category: Novels,Public domain in the USA.,TRUE
22623,Divinity,"Samachson, Joseph",33434,en,Science Fiction/Category: Science-Fiction & Fantasy/Category: Novels,Public domain in the USA.,TRUE
22693,A Book of Myths,"Lang, Jean",26717,en,"Folklore/Children's Myths, Fairy Tales, etc./Category: Mythology, Legends & Folklore",Public domain in the USA.,TRUE
22763,Suite Mentale,"Garrett, Randall",25267,en,Science Fiction/Category: Science-Fiction & Fantasy/Category: Novels,Public domain in the USA.,TRUE
22866,An Ounce of Cure,"Nourse, Alan Edward",25579,en,Science Fiction/Category: Short Stories/Category: Humour/Category: Health & Medicine,Public domain in the USA.,TRUE
22867,Meeting of the Board,"Nourse, Alan Edward",25579,en,Science Fiction/Category: Science-Fiction & Fantasy,Public domain in the USA.,TRUE
22869,The Dark Door,"Nourse, Alan Edward",25579,en,Science Fiction/Category: Science-Fiction & Fantasy/Category: Novels,Public domain in the USA.,TRUE
22890,The Worlds of If,"Weinbaum, Stanley G. (Stanley Grauman)",25246,en,Science Fiction/Category: Short Stories/Category: Science-Fiction & Fantasy,Public domain in the USA.,TRUE
22892,The Best Made Plans,"Cole, Everett B.",25329,en,Science Fiction/Category: Science-Fiction & Fantasy/Category: Novels,Public domain in the USA.,TRUE
22893,Pygmalion's Spectacles,"Weinbaum, Stanley G. (Stanley Grauman)",25246,en,Science Fiction/Category: Short Stories/Category: Science-Fiction & Fantasy,Public domain in the USA.,TRUE
22895,The Point of View,"Weinbaum, Stanley G. (Stanley Grauman)",25246,en,Science Fiction/Category: Short Stories/Category: Science-Fiction & Fantasy/Category: Humour,Public domain in the USA.,TRUE
22958,One-Shot,"Blish, James",25608,en,Science Fiction/Category: Short Stories/Category: Science-Fiction & Fantasy,Public domain in the USA.,TRUE
22967,The Stoker and the Stars,"Budrys, Algis",25613,en,Science Fiction/Category: Science-Fiction & Fantasy/Category: Novels,Public domain in the USA.,TRUE
23028,Greylorn,"Laumer, Keith",24817,en,Science Fiction/Category: Science-Fiction & Fantasy/Category: Novels,Public domain in the USA.,TRUE
23091,The Troubadour,"Lowndes, Robert W.",25669,en,Science Fiction/Category: Science-Fiction & Fantasy,Public domain in the USA.,TRUE
23099,The Fourth Invasion,"Lowndes, Robert W.",25669,en,Science Fiction/Category: Science-Fiction & Fantasy/Category: Novels,Public domain in the USA.,TRUE
23102,This World Must Die!,"Fyfe, H. B. (Horace Bowne)",25276,en,Science Fiction/Category: Science-Fiction & Fantasy/Category: Novels,Public domain in the USA.,TRUE
23103,Traders Risk,"Aycock, Roger D.",25679,en,Science Fiction/Category: Science-Fiction & Fantasy/Category: Novels,Public domain in the USA.,TRUE
23104,The Blue Tower,"Smith, Evelyn E.",25680,en,Science Fiction/Science Fiction by Women/Category: Science-Fiction & Fantasy/Category: Novels,Public domain in the USA.,TRUE
23146,And All the Earth a Grave,"MacApp, C. C.",25709,en,Science Fiction/Category: Science-Fiction & Fantasy/Category: Humour,Public domain in the USA.,TRUE
23147,Untechnological Employment,"Clinton, Ed M.",25710,en,Science Fiction/Category: Short Stories/Category: Science-Fiction & Fantasy,Public domain in the USA.,TRUE
23148,Droozle,"Banta, Frank",25711,en,Science Fiction/Category: Science-Fiction & Fantasy/Category: Humour/Category: Novels,Public domain in the USA.,TRUE
23149,In the Control Tower,"Mohler, Will",25712,en,Science Fiction/Category: Science-Fiction & Fantasy/Category: Novels,Public domain in the USA.,TRUE
23153,The Big Bounce,"Tevis, Walter S.",25714,en,Science Fiction/Category: Science-Fiction & Fantasy,Public domain in the USA.,TRUE
23159,Stairway to the Stars,"Shaw, Larry T.",25718,en,Science Fiction/Category: Science-Fiction & Fantasy/Category: Humour/Category: Novels,Public domain in the USA.,TRUE
23160,Solomon's Orbit,"Carroll, William",25719,en,Science Fiction/Category: Science-Fiction & Fantasy/Category: Humour/Category: Novels/Category: American Literature,Public domain in the USA.,TRUE
23161,"Sodom and Gomorrah, Texas","Lafferty, R. A.",25720,en,Science Fiction/Category: Science-Fiction & Fantasy/Category: Humour/Category: Novels,Public domain in the USA.,TRUE
23162,No Great Magic,"Leiber, Fritz",25421,en,Science Fiction/Category: Science-Fiction & Fantasy/Category: Novels,Public domain in the USA.,TRUE
23164,The Creature from Cleveland Depths,"Leiber, Fritz",25421,en,Science Fiction/Category: Science-Fiction & Fantasy,Public domain in the USA.,TRUE
23169,The Diamond Lens,"O'Brien, Fitz James",5848,en,Precursors of Science Fiction/Category: Short Stories/Category: Science-Fiction & Fantasy/Category: American Literature,Public domain in the USA.,TRUE
23185,The Glory of Ippling,"Urban, Helen M.",25732,en,Science Fiction/Science Fiction by Women/Category: Science-Fiction & Fantasy/Category: Novels,Public domain in the USA.,TRUE
23194,The Common Man,"Reynolds, Mack",25744,en,Science Fiction/Category: Science-Fiction & Fantasy/Category: Novels/Category: American Literature,Public domain in the USA.,TRUE
23197,Subversive,"Reynolds, Mack",25744,en,Science Fiction/Category: Science-Fiction & Fantasy/Category: Novels,Public domain in the USA.,TRUE
23198,With No Strings Attached,"Garrett, Randall",25267,en,Science Fiction/Category: Short Stories/Category: Science-Fiction & Fantasy,Public domain in the USA.,TRUE
23210,Missing Link,"Herbert, Frank",25754,en,Science Fiction/Category: Short Stories/Category: Science-Fiction & Fantasy,Public domain in the USA.,TRUE
23232,The Servant Problem,"Young, Robert F.",25767,en,Science Fiction/Category: Science-Fiction & Fantasy/Category: Novels,Public domain in the USA.,TRUE
23292,Ted and the Telephone,"Bassett, Sara Ware",2534,en,Children's Fiction/Category: Children & Young Adult Reading/Category: Novels,Public domain in the USA.,TRUE
23301,Each Man Kills,"Glad, Victoria",25795,en,"Science Fiction/Science Fiction by Women/Category: Science-Fiction & Fantasy/Category: Crime, Thrillers and Mystery/Category: Novels",Public domain in the USA.,TRUE
23308,The White Feather Hex,"Peterson, Don",25798,en,"Science Fiction/Category: Short Stories/Category: Science-Fiction & Fantasy/Category: Mythology, Legends & Folklore",Public domain in the USA.,TRUE
23335,Unwise Child,"Garrett, Randall",25267,en,"Science Fiction/Category: Science-Fiction & Fantasy/Category: Crime, Thrillers and Mystery/Category: Novels",Public domain in the USA.,TRUE
23337,Tight Squeeze,"Ing, Dean",25806,en,Science Fiction/Category: Short Stories/Category: Science-Fiction & Fantasy,Public domain in the USA.,TRUE
23339,Indirection,"Cole, Everett B.",25329,en,Science Fiction/Category: Science-Fiction & Fantasy/Category: Novels,Public domain in the USA.,TRUE
23379,Old Mr. Wiley,"La Spina, Greye",25816,en,Science Fiction/Science Fiction by Women/Category: Short Stories/Category: Science-Fiction & Fantasy,Public domain in the USA.,TRUE
23408,Far from Home,"Taylor, J. A.",25830,en,Science Fiction/Category: Science-Fiction & Fantasy/Category: Novels,Public domain in the USA.,TRUE
23426,The Last Place on Earth,"Harmon, Jim",35040,en,Science Fiction/Category: Science-Fiction & Fantasy/Category: Novels,Public domain in the USA.,TRUE
23429,On Handling the Data,"Mayfield, M. I.",25838,en,"Science Fiction/Category: Science-Fiction & Fantasy/Category: Essays, Letters & Speeches",Public domain in the USA.,TRUE
23443,Unspecialist,"Yaco, Murray F.",25843,en,Science Fiction/Category: Short Stories/Category: Science-Fiction & Fantasy,Public domain in the USA.,TRUE
23509,The Beast of Space,"Hardart, F. E.",25888,en,Science Fiction/Category: Science-Fiction & Fantasy/Category: Adventure,Public domain in the USA.,TRUE
23534,...Or Your Money Back,"Garrett, Randall",25267,en,"Science Fiction/Category: Science-Fiction & Fantasy/Category: Crime, Thrillers and Mystery/Category: Novels/Category: American Literature",Public domain in the USA.,TRUE
23535,The Invaders,"Ferris, Benjamin",25900,en,Science Fiction/Category: Short Stories/Category: Science-Fiction & Fantasy/Category: American Literature,Public domain in the USA.,TRUE
23568,The Mississippi Saucer,"Long, Frank Belknap",25911,en,Science Fiction/Category: Short Stories/Category: Science-Fiction & Fantasy/Category: Adventure,Public domain in the USA.,TRUE
23571,General Max Shorter,"Neville, Kris",25913,en,Science Fiction/Category: Science-Fiction & Fantasy/Category: Novels,Public domain in the USA.,TRUE
23588,A Filbert Is a Nut,"Raphael, Rick",8476,en,Science Fiction/Category: Short Stories/Category: Science-Fiction & Fantasy/Category: Humour,Public domain in the USA.,TRUE
23591,I Was a Teen-Age Secret Weapon,"Sabia, Richard",25928,en,Science Fiction/Category: Science-Fiction & Fantasy/Category: Humour/Category: Novels/Category: American Literature,Public domain in the USA.,TRUE
23592,Breakaway,"Gimble, Stanley",25929,en,Science Fiction/Category: Short Stories/Category: Science-Fiction & Fantasy,Public domain in the USA.,TRUE
23599,The Big Fix,"Smith, George O. (George Oliver)",8137,en,"Science Fiction/Category: Science-Fiction & Fantasy/Category: Crime, Thrillers and Mystery/Category: Novels",Public domain in the USA.,TRUE
23625,The Magic Pudding,"Lindsay, Norman",1588,en,Australia/Children's Fiction/Category: Children & Young Adult Reading/Category: Humour/Category: Adventure,Public domain in the USA.,TRUE
23651,Test Rocket!,"Douglas, Jack",25961,en,Science Fiction/Category: Short Stories/Category: Science-Fiction & Fantasy,Public domain in the USA.,TRUE
23661,The Book of Dragons,"Nesbit, E. (Edith)",407,en,Children's Literature/Category: Short Stories/Category: Children & Young Adult Reading/Category: Science-Fiction & Fantasy/Category: British Literature,Public domain in the USA.,TRUE
23669,Summit,"Reynolds, Mack",25744,en,Science Fiction/Category: Science-Fiction & Fantasy,Public domain in the USA.,TRUE
23678,Tales of Fantasy and Fact,"Matthews, Brander",1992,en,Science Fiction/Category: Short Stories/Category: Science-Fiction & Fantasy,Public domain in the USA.,TRUE
23688,The Indulgence of Negu Mah,"Arthur, Robert",25995,en,Science Fiction/Category: Short Stories/Category: Science-Fiction & Fantasy,Public domain in the USA.,TRUE
23762,Blessed are the meek,"Edmondson, G. C.",26019,en,Science Fiction/Category: Science-Fiction & Fantasy,Public domain in the USA.,TRUE
23767,The Talkative Tree,"Fyfe, H. B. (Horace Bowne)",25276,en,Science Fiction/Category: Science-Fiction & Fantasy,Public domain in the USA.,TRUE
23790,The Ultimate Weapon,"Campbell, John W., Jr. (John Wood)",9112,en,Science Fiction/Category: Science-Fiction & Fantasy/Category: Adventure,Public domain in the USA.,TRUE
23799,Cry from a Far Planet,"Godwin, Tom",25402,en,Science Fiction/Category: Science-Fiction & Fantasy/Category: Novels,Public domain in the USA.,TRUE
23831,The Seed of the Toc-Toc Birds,"Weiss, George Henry",26064,en,Science Fiction/Astounding Stories/Category: Science-Fiction & Fantasy/Category: Novels,Public domain in the USA.,TRUE
23868,Vanishing Point,"Beck, C. C. (Charles Clarence)",26097,en,Science Fiction/Category: Short Stories/Category: Science-Fiction & Fantasy,Public domain in the USA.,TRUE
23889,Charley de Milo,"Janifer, Laurence M.",25268,en,Science Fiction/Category: Science-Fiction & Fantasy/Category: Novels,Public domain in the USA.,TRUE
23920,A Matter of Proportion,"Walker, Anne",26130,en,Science Fiction/Science Fiction by Women/Category: Science-Fiction & Fantasy/Category: Novels,Public domain in the USA.,TRUE
23928,The short life,"Donovan, Francis",26133,en,Science Fiction/Category: Science-Fiction & Fantasy/Category: Novels,Public domain in the USA.,TRUE
23929,Revolution,"Reynolds, Mack",25744,en,Science Fiction/Category: Science-Fiction & Fantasy/Category: Novels,Public domain in the USA.,TRUE
23930,Beyond Pandora,"Martin, Robert J.",26134,en,Science Fiction/Category: Science-Fiction & Fantasy,Public domain in the USA.,TRUE
24101,Egocentric Orbit,"Cory, John",26250,en,Science Fiction/Category: Short Stories/Category: Science-Fiction & Fantasy,Public domain in the USA.,TRUE
24118,"We Didn't Do Anything Wrong, Hardly","Kuykendall, Roger",26260,en,Science Fiction/Category: Short Stories/Category: Science-Fiction & Fantasy/Category: Humour/Category: American Literature,Public domain in the USA.,TRUE
24119,Make Mine Homogenized,"Raphael, Rick",8476,en,Science Fiction/Category: Short Stories/Category: Science-Fiction & Fantasy/Category: Humour,Public domain in the USA.,TRUE
24121,As Long As You Wish,"O'Keefe, John",26261,en,Science Fiction/Category: Short Stories/Category: Science-Fiction & Fantasy/Category: Language & Communication/Category: Philosophy & Ethics,Public domain in the USA.,TRUE
24122,Pushbutton War,"Martino, Joseph Paul",26262,en,Science Fiction/Category: Science-Fiction & Fantasy/Category: Novels,Public domain in the USA.,TRUE
24150,Disturbing Sun,"Richardson, Robert S. (Robert Shirley)",26276,en,Science Fiction/Category: Science-Fiction & Fantasy,Public domain in the USA.,TRUE
24151,The Sky Trap,"Long, Frank Belknap",25911,en,Science Fiction/Category: Science-Fiction & Fantasy/Category: Novels,Public domain in the USA.,TRUE
24152,The Guardians,"Cox, Irving E.",31427,en,Science Fiction/Category: Science-Fiction & Fantasy/Category: Novels,Public domain in the USA.,TRUE
24161,All Day September,"Kuykendall, Roger",26260,en,Science Fiction/Category: Science-Fiction & Fantasy/Category: Novels,Public domain in the USA.,TRUE
24180,Alarm Clock,"Cole, Everett B.",25329,en,Science Fiction/Category: Science-Fiction & Fantasy/Category: Novels,Public domain in the USA.,TRUE
24187,A Transmutation of Muddles,"Fyfe, H. B. (Horace Bowne)",25276,en,Science Fiction/Category: Science-Fiction & Fantasy/Category: Novels,Public domain in the USA.,TRUE
24189,Something Will Turn Up,"Mason, David",26303,en,Science Fiction/Category: Short Stories/Category: Science-Fiction & Fantasy/Category: Humour,Public domain in the USA.,TRUE
24192,The First One,"Kastle, Herbert D.",26307,en,Science Fiction/Category: Science-Fiction & Fantasy/Category: Novels,Public domain in the USA.,TRUE
24196,Victory,"Del Rey, Lester",8240,en,Science Fiction/Category: Science-Fiction & Fantasy/Category: Novels,Public domain in the USA.,TRUE
24221,The Untouchable,"Kallis, Stephen A.",26321,en,Science Fiction/Category: Short Stories/Category: Science-Fiction & Fantasy,Public domain in the USA.,TRUE
24246,Greener Than You Think,"Moore, Ward",26345,en,Science Fiction/Category: Science-Fiction & Fantasy/Category: Humour/Category: Novels/Category: American Literature,Public domain in the USA.,TRUE
24277,Card Trick,"Berryman, John",33947,en,Science Fiction/Category: Short Stories/Category: Science-Fiction & Fantasy,Public domain in the USA.,TRUE
24278,The Green Beret,"Purdom, Tom",26375,en,Science Fiction/Category: Short Stories/Category: Science-Fiction & Fantasy,Public domain in the USA.,TRUE
24282,Attrition,"Wannamaker, Jim",26378,en,Science Fiction/Category: Science-Fiction & Fantasy/Category: Novels,Public domain in the USA.,TRUE
24283,"Down the River; Or, Buck Bradford and His Tyrants","Optic, Oliver",260,en,Children's Fiction/Category: Children & Young Adult Reading/Category: Novels/Category: American Literature,Public domain in the USA.,TRUE
24375,Wizard,"Janifer, Laurence M.",25268,en,Science Fiction/Category: Science-Fiction & Fantasy/Category: Adventure,Public domain in the USA.,TRUE
24380,Shock Absorber,"Von Wald, E. G.",26447,en,"Science Fiction/Category: Science-Fiction & Fantasy/Category: Crime, Thrillers and Mystery",Public domain in the USA.,TRUE
24382,Vigorish,"Berryman, John",33947,en,Science Fiction/Category: Science-Fiction & Fantasy/Category: Novels,Public domain in the USA.,TRUE
24392,Cat and Mouse,"Williams, Ralph",26453,en,Science Fiction/Category: Science-Fiction & Fantasy/Category: Novels,Public domain in the USA.,TRUE
24395,The Winds of Time,"Schmitz, James H.",24957,en,Science Fiction/Category: Science-Fiction & Fantasy/Category: Novels,Public domain in the USA.,TRUE
24397,Hex,"Janifer, Laurence M.",25268,en,Science Fiction/Category: Science-Fiction & Fantasy,Public domain in the USA.,TRUE
24399,Criminal Negligence,"McComas, J. Francis",26460,en,Science Fiction/Category: Science-Fiction & Fantasy,Public domain in the USA.,TRUE
24418,The Quantum Jump,"Wicks, Robert",26470,en,Science Fiction/Category: Science-Fiction & Fantasy/Category: Novels,Public domain in the USA.,TRUE
24459,The Lost Princess of Oz,"Baum, L. Frank (Lyman Frank)",42,en,Children's Literature/Category: Children & Young Adult Reading/Category: Science-Fiction & Fantasy/Category: Adventure,Public domain in the USA.,TRUE
24495,The Golden Judge,"Gordon, Nathaniel",26529,en,Science Fiction/Category: Science-Fiction & Fantasy/Category: Novels/Category: American Literature,Public domain in the USA.,TRUE
24517,Accidental Death,"Baily, Peter",26548,en,Science Fiction/Category: Science-Fiction & Fantasy/Category: Novels,Public domain in the USA.,TRUE
24543,The Circuit Riders,"FitzPatrick, R. C.",26570,en,Science Fiction/Category: Science-Fiction & Fantasy/Category: Novels,Public domain in the USA.,TRUE
24558,Watch the Sky,"Schmitz, James H.",24957,en,Science Fiction/Category: Science-Fiction & Fantasy/Category: Novels,Public domain in the USA.,TRUE
24566,Faithfully Yours,"Tabakow, Lou",26583,en,Science Fiction/Category: Science-Fiction & Fantasy/Category: Adventure/Category: Novels,Public domain in the USA.,TRUE
24567,Blind Man's Lantern,"Lang, Allen Kim",26584,en,Science Fiction/Category: Science-Fiction & Fantasy/Category: Novels,Public domain in the USA.,TRUE
24655,Tinker's Dam,"Tinker, Joseph",26650,en,Science Fiction/Category: Science-Fiction & Fantasy/Category: Novels,Public domain in the USA.,TRUE
24721,Operation Haystack,"Herbert, Frank",25754,en,Science Fiction/Category: Science-Fiction & Fantasy,Public domain in the USA.,TRUE
24737,The Children of Odin: The Book of Northern Myths,"Colum, Padraic",893,en,"Paganism/Children's Myths, Fairy Tales, etc./Category: Mythology, Legends & Folklore",Public domain in the USA.,TRUE
24750,"Mizora: A Prophecy
A MSS. Found Among the Private Papers of the Princess Vera Zarovitch","Lane, Mary E. Bradley",26713,en,Science Fiction/Science Fiction by Women/Category: Science-Fiction & Fantasy/Category: Novels,Public domain in the USA.,TRUE
24791,The Marooner,"Stearns, Charles A.",26736,en,Science Fiction/Category: Science-Fiction & Fantasy/Category: Novels,Public domain in the USA.,TRUE
24792,The Alternate Plan,"Maddren, Gerry",26737,en,Science Fiction/Category: Short Stories/Category: Science-Fiction & Fantasy,Public domain in the USA.,TRUE
24864,The Great Potlatch Riots,"Lang, Allen Kim",26584,en,Science Fiction/Category: Science-Fiction & Fantasy/Category: Humour/Category: Novels,Public domain in the USA.,TRUE
24865,The Premiere,"Sabia, Richard",25928,en,Science Fiction/Category: Science-Fiction & Fantasy/Category: Novels,Public domain in the USA.,TRUE
24870,"The Stars, My Brothers","Hamilton, Edmond",26787,en,Science Fiction/Category: Science-Fiction & Fantasy/Category: Novels,Public domain in the USA.,TRUE
24913,The Monster,"Tenneshaw, S. M.",26807,en,Science Fiction/Category: Science-Fiction & Fantasy/Category: Novels,Public domain in the USA.,TRUE
24927,A Matter of Magnitude,"Sevcik, Al",26818,en,Science Fiction/Category: Short Stories/Category: Science-Fiction & Fantasy,Public domain in the USA.,TRUE
24928,Longevity,"Windser, Therese",26819,en,Science Fiction/Science Fiction by Women/Category: Science-Fiction & Fantasy/Category: Novels,Public domain in the USA.,TRUE
24949,Control Group,"Aycock, Roger D.",25679,en,Science Fiction/Category: Science-Fiction & Fantasy,Public domain in the USA.,TRUE
24955,Man Made,"Teichner, Albert",24789,en,Science Fiction/Category: Science-Fiction & Fantasy/Category: Philosophy & Ethics,Public domain in the USA.,TRUE
24958,Second Landing,"Wallace, F. L. (Floyd L.)",26832,en,Science Fiction/Category: Science-Fiction & Fantasy/Category: Novels,Public domain in the USA.,TRUE
24965,The Deadly Daughters,"Marks, Winston K. (Winston Kinney)",26841,en,Science Fiction/Category: Science-Fiction & Fantasy/Category: Novels,Public domain in the USA.,TRUE
24966,Survival Tactics,"Sevcik, Al",26818,en,Science Fiction/Category: Science-Fiction & Fantasy/Category: Novels,Public domain in the USA.,TRUE
24973,The Sun King,"Derreaux, Gaston",26851,en,"Science Fiction/Category: Historical Novels/Category: Science-Fiction & Fantasy/Category: Novels/Category: Mythology, Legends & Folklore",Public domain in the USA.,TRUE
24975,The Gift Bearer,"Fontenay, Charles L.",9500,en,Science Fiction/Category: Science-Fiction & Fantasy/Category: Humour,Public domain in the USA.,TRUE
24977,The Perfectionists,"Castle, Arnold",26853,en,Science Fiction/Category: Science-Fiction & Fantasy/Category: Novels,Public domain in the USA.,TRUE
25024,The Night of the Long Knives,"Leiber, Fritz",25421,en,Science Fiction/Category: Science-Fiction & Fantasy/Category: Novels/Category: American Literature,Public domain in the USA.,TRUE
25035,The Happy Unfortunate,"Silverberg, Robert",28358,en,Science Fiction/Category: Science-Fiction & Fantasy,Public domain in the USA.,TRUE
25067,The Planet Strappers,"Gallun, Raymond Z. (Raymond Zinke)",28382,en,Science Fiction/Category: Science-Fiction & Fantasy/Category: Novels,Public domain in the USA.,TRUE
25078,No Moving Parts,"Yaco, Murray F.",25843,en,Science Fiction/Category: Science-Fiction & Fantasy/Category: Humour,Public domain in the USA.,TRUE
25086,The Delegate from Venus,"Slesar, Henry",28398,en,Science Fiction/Category: Science-Fiction & Fantasy/Category: Novels/Category: American Literature,Public domain in the USA.,TRUE
25295,"Pharaoh's Broker
Being the Very Remarkable Experiences in Another World of Isidor Werner","Douglass, Ellsworth",31224,en,Science Fiction/Category: Science-Fiction & Fantasy/Category: Adventure/Category: Novels/Category: American Literature,Public domain in the USA.,TRUE
25438,The Airlords of Han,"Nowlan, Philip Francis",31334,en,Science Fiction/Category: Science-Fiction & Fantasy/Category: Adventure,Public domain in the USA.,TRUE
25496,"New Treasure Seekers; Or, The Bastable Children in Search of a Fortune","Nesbit, E. (Edith)",407,en,Children's Literature/Category: Children & Young Adult Reading/Category: Humour/Category: Adventure/Category: Novels/Category: British Literature,Public domain in the USA.,TRUE
25564,The Water-Babies: A Fairy Tale for a Land-Baby,"Kingsley, Charles",344,en,Children's Literature,Public domain in the USA.,TRUE
25567,Impact,"Cox, Irving E.",31427,en,Science Fiction/Category: Science-Fiction & Fantasy/Category: Novels,Public domain in the USA.,TRUE
25581,Rinkitink in Oz,"Baum, L. Frank (Lyman Frank)",42,en,Children's Literature/Category: Children & Young Adult Reading/Category: Science-Fiction & Fantasy/Category: Adventure,Public domain in the USA.,TRUE
25627,The Hunted Heroes,"Silverberg, Robert",28358,en,Science Fiction/Category: Science-Fiction & Fantasy/Category: Novels,Public domain in the USA.,TRUE
25628,The Nothing Equation,"Godwin, Tom",25402,en,Science Fiction/Category: Science-Fiction & Fantasy/Category: Novels,Public domain in the USA.,TRUE
25629,Postmark Ganymede,"Silverberg, Robert",28358,en,Science Fiction/Category: Science-Fiction & Fantasy/Category: Novels,Public domain in the USA.,TRUE
25684,A World Called Crimson,"Marlowe, Stephen",32369,en,Science Fiction/Category: Science-Fiction & Fantasy/Category: Novels,Public domain in the USA.,TRUE
25776,This Crowded Earth,"Bloch, Robert",31575,en,Science Fiction/Category: Science-Fiction & Fantasy/Category: Novels,Public domain in the USA.,TRUE
25862,The Chamber of Life,"Peyton, Green",31621,en,Science Fiction/Category: Science-Fiction & Fantasy/Category: Novels,Public domain in the USA.,TRUE
26010,Valley of the Croen,"Tarbell, Lee",31734,en,Science Fiction/Category: Science-Fiction & Fantasy/Category: Adventure/Category: Novels,Public domain in the USA.,TRUE
26066,The Cosmic Express,"Williamson, Jack",31775,en,Science Fiction/Category: Science-Fiction & Fantasy/Category: Novels/Category: American Literature,Public domain in the USA.,TRUE
26093,The Memory of Mars,"Jones, Raymond F.",25386,en,Science Fiction/Category: Science-Fiction & Fantasy/Category: Novels/Category: American Literature,Public domain in the USA.,TRUE
26140,Security,"Kenyon, Ernest M.",31818,en,Science Fiction/Category: Short Stories/Category: Science-Fiction & Fantasy,Public domain in the USA.,TRUE
26168,The Success Machine,"Slesar, Henry",28398,en,Science Fiction/Category: Science-Fiction & Fantasy/Category: Humour/Category: Novels/Category: American Literature,Public domain in the USA.,TRUE
26180,Mother America,"McClatchie, Sam",31851,en,Science Fiction/Category: Science-Fiction & Fantasy/Category: Novels,Public domain in the USA.,TRUE
26190,A Choice of Miracles,"Cox, James A.",31858,en,Science Fiction/Category: Short Stories/Category: Science-Fiction & Fantasy,Public domain in the USA.,TRUE
26191,Citadel,"Budrys, Algis",25613,en,Science Fiction/Category: Science-Fiction & Fantasy/Category: Novels,Public domain in the USA.,TRUE
26205,"Next Door, Next World","Locke, Robert Donald",31862,en,Science Fiction/Category: Science-Fiction & Fantasy/Category: Adventure/Category: Novels,Public domain in the USA.,TRUE
26206,Pandemic,"Bone, Jesse F. (Jesse Franklin)",946,en,Science Fiction/Category: Science-Fiction & Fantasy/Category: Novels,Public domain in the USA.,TRUE
26332,A Prize for Edie,"Bone, Jesse F. (Jesse Franklin)",946,en,Science Fiction/Category: Science-Fiction & Fantasy,Public domain in the USA.,TRUE
26521,Earthmen Bearing Gifts,"Brown, Fredric",32063,en,Science Fiction/Category: Short Stories/Category: Science-Fiction & Fantasy,Public domain in the USA.,TRUE
26536,The Good Neighbors,"Pangborn, Edgar",32078,en,Science Fiction/Category: Short Stories/Category: Science-Fiction & Fantasy/Category: American Literature,Public domain in the USA.,TRUE
26569,Monkey On His Back,"De Vet, Charles V.",32106,en,Science Fiction/Category: Science-Fiction & Fantasy/Category: Novels,Public domain in the USA.,TRUE
26743,The Putnam Tradition,"Dorman, Sonya",32217,en,Science Fiction/Science Fiction by Women/Category: Science-Fiction & Fantasy/Category: Novels,Public domain in the USA.,TRUE
26751,Cully,"Egan, Jack",32222,en,Science Fiction/Category: Science-Fiction & Fantasy/Category: Novels,Public domain in the USA.,TRUE
26761,Cerebrum,"Teichner, Albert",24789,en,Science Fiction/Category: Science-Fiction & Fantasy/Category: Novels,Public domain in the USA.,TRUE
26772,A Question of Courage,"Bone, Jesse F. (Jesse Franklin)",946,en,Science Fiction/Category: Science-Fiction & Fantasy/Category: Novels,Public domain in the USA.,TRUE
26782,It Could Be Anything,"Laumer, Keith",24817,en,Science Fiction/Category: Science-Fiction & Fantasy/Category: Novels,Public domain in the USA.,TRUE
26795,Get out of our skies!,"Slesar, Henry",28398,en,Science Fiction/Category: Science-Fiction & Fantasy/Category: Novels,Public domain in the USA.,TRUE
26843,The Dope on Mars,"Sharkey, Jack",32269,en,Science Fiction/Category: Science-Fiction & Fantasy/Category: Humour/Category: Novels,Public domain in the USA.,TRUE
26855,Hard Guy,"Browne, Howard",35119,en,"Science Fiction/Category: Short Stories/Category: Science-Fiction & Fantasy/Category: Crime, Thrillers and Mystery",Public domain in the USA.,TRUE
26856,Solander's Radio Tomb,"Butler, Ellis Parker",585,en,Science Fiction/Category: Short Stories/Category: Humour,Public domain in the USA.,TRUE
26867,John Jones's Dollar,"Keeler, Harry Stephen",32286,en,Science Fiction/Category: Science-Fiction & Fantasy/Category: Humour/Category: Novels/Category: American Literature,Public domain in the USA.,TRUE
26882,"Omega, the Man","Morrow, Lowell Howard",32298,en,Science Fiction/Category: Science-Fiction & Fantasy/Category: Novels,Public domain in the USA.,TRUE
26883,The Sword and the Atopen,"Greenfield, Taylor H.",32300,en,Science Fiction/Category: Science-Fiction & Fantasy/Category: Novels,Public domain in the USA.,TRUE
26890,The Rat Racket,"Keller, David H. (David Henry)",32308,en,"Science Fiction/Category: Crime, Thrillers and Mystery/Category: Novels",Public domain in the USA.,TRUE
26906,The Jameson Satellite,"Jones, Neil R.",32321,en,Science Fiction/Category: Science-Fiction & Fantasy/Category: Novels,Public domain in the USA.,TRUE
26917,Zehru of Xollar,"Wells, Hal K.",32327,en,Science Fiction/Astounding Stories/Category: Science-Fiction & Fantasy/Category: Novels,Public domain in the USA.,TRUE
26936,The Gallery,"Phillips, Rog",34753,en,Science Fiction/Category: Science-Fiction & Fantasy/Category: Novels,Public domain in the USA.,TRUE
26941,Wanted—7 Fearless Engineers!,"Tremaine, Frederick Orlin",32349,en,Science Fiction/Category: Science-Fiction & Fantasy/Category: Adventure,Public domain in the USA.,TRUE
26955,Advanced Chemistry,"Huekels, Jack G.",32359,en,Science Fiction/Category: Science-Fiction & Fantasy/Category: Humour/Category: Novels,Public domain in the USA.,TRUE
26956,Alien Offer,"Sevcik, Al",26818,en,Science Fiction/Category: Science-Fiction & Fantasy/Category: Novels,Public domain in the USA.,TRUE
26957,Star Mother,"Young, Robert F.",25767,en,Science Fiction/Category: Short Stories/Category: Science-Fiction & Fantasy,Public domain in the USA.,TRUE
26966,A Place in the Sun,"Marlowe, Stephen",32369,en,Science Fiction/Category: Science-Fiction & Fantasy/Category: Adventure,Public domain in the USA.,TRUE
26967,The Coming of the Ice,"Peyton, Green",31621,en,Science Fiction/Category: Science-Fiction & Fantasy/Category: Novels,Public domain in the USA.,TRUE
26968,Summer Snow Storm,"Marlowe, Stephen",32369,en,Science Fiction/Category: Science-Fiction & Fantasy/Category: Romance/Category: Humour/Category: Adventure/Category: Novels,Public domain in the USA.,TRUE
26989,"B. C. 30,000","Meek, S. P. (Sterner St. Paul)",25130,en,Science Fiction/Astounding Stories/Category: Science-Fiction & Fantasy/Category: Adventure/Category: Novels,Public domain in the USA.,TRUE
27013,Hellhounds of the Cosmos,"Simak, Clifford D.",25185,en,Science Fiction/Astounding Stories/Category: Science-Fiction & Fantasy,Public domain in the USA.,TRUE
27019,My Shipmate—Columbus,"Marlowe, Stephen",32369,en,Science Fiction/Category: Science-Fiction & Fantasy/Category: Adventure/Category: Novels,Public domain in the USA.,TRUE
27053,The Day Time Stopped Moving,"Repp, Ed Earl",32417,en,Science Fiction/Category: Science-Fiction & Fantasy/Category: Novels,Public domain in the USA.,TRUE
27089,The Risk Profession,"Westlake, Donald E.",32451,en,"Science Fiction/Category: Science-Fiction & Fantasy/Category: Crime, Thrillers and Mystery/Category: Novels",Public domain in the USA.,TRUE
27110,The Eternal Wall,"Gallun, Raymond Z. (Raymond Zinke)",28382,en,Science Fiction/Category: Science-Fiction & Fantasy/Category: Novels,Public domain in the USA.,TRUE
27143,The Cavern of the Shining Ones,"Wells, Hal K.",32327,en,Science Fiction/Astounding Stories/Category: Science-Fiction & Fantasy/Category: Novels,Public domain in the USA.,TRUE
27248,The Raid on the Termites,"Ernst, Paul",25157,en,Science Fiction/Astounding Stories/Category: Science-Fiction & Fantasy/Category: Adventure,Public domain in the USA.,TRUE
27307,"The Last American
A Fragment from The Journal of Khan-li, Prince of Dimph-Yoo-Chur and Admiral in the Persian Navy","Mitchell, John Ames",2484,en,Precursors of Science Fiction/Category: Science-Fiction & Fantasy/Category: Novels/Category: American Literature,Public domain in the USA.,TRUE
27383,Master of None,"Goble, Neil",32660,en,Science Fiction/Category: Science-Fiction & Fantasy/Category: Humour/Category: Novels,Public domain in the USA.,TRUE
27392,Lease to Doomsday,"Archer, Lee",32668,en,"Science Fiction/Category: Science-Fiction & Fantasy/Category: Crime, Thrillers and Mystery/Category: Novels",Public domain in the USA.,TRUE
27444,Starman's Quest,"Silverberg, Robert",28358,en,Science Fiction/Category: Science-Fiction & Fantasy/Category: Novels,Public domain in the USA.,TRUE
27464,A Scientist Rises,"Hall, Desmond Winter",32702,en,Science Fiction/Astounding Stories/Category: Science-Fiction & Fantasy,Public domain in the USA.,TRUE
27491,Unthinkable,"Phillips, Rog",34753,en,Science Fiction/Category: Science-Fiction & Fantasy,Public domain in the USA.,TRUE
27492,Upstarts,"Stecher, L. J., Jr.",32723,en,Science Fiction/Category: Science-Fiction & Fantasy,Public domain in the USA.,TRUE
27588,The Jupiter Weapon,"Fontenay, Charles L.",9500,en,Science Fiction/Category: Science-Fiction & Fantasy/Category: Novels,Public domain in the USA.,TRUE
27595,Eight Keys to Eden,"Clifton, Mark",25374,en,Science Fiction/Category: Science-Fiction & Fantasy/Category: Novels,Public domain in the USA.,TRUE
27609,The Undersea Tube,"Hansen, L. Taylor (Lucile Taylor)",32793,en,Science Fiction/Science Fiction by Women/Category: Science-Fiction & Fantasy/Category: Adventure/Category: Novels,Public domain in the USA.,TRUE
27631,Dead World,"Douglas, Jack",25961,en,Science Fiction/Category: Science-Fiction & Fantasy/Category: Novels,Public domain in the USA.,TRUE
27645,The Beginning,"Hasse, Henry",32816,en,Science Fiction/Category: Short Stories/Category: Science-Fiction & Fantasy,Public domain in the USA.,TRUE
27665,Junior Achievement,"Lee, William M.",32832,en,Science Fiction/Category: Children & Young Adult Reading/Category: Science-Fiction & Fantasy/Category: Novels,Public domain in the USA.,TRUE
27696,A Fine Fix,"Noll, Ray C.",32853,en,Science Fiction/Category: Science-Fiction & Fantasy/Category: Novels,Public domain in the USA.,TRUE
27730,The Doomsman,"Sutphen, Van Tassel",1288,en,Science Fiction/Category: Science-Fiction & Fantasy/Category: Adventure/Category: Novels,Public domain in the USA.,TRUE
27756,Revenge,"Porges, Arthur",32890,en,Science Fiction/Category: Science-Fiction & Fantasy/Category: Novels,Public domain in the USA.,TRUE
27797,Vital Ingredient,"Vance, Gerald",32968,en,Science Fiction/Category: Short Stories/Category: Science-Fiction & Fantasy,Public domain in the USA.,TRUE
27827,"The Kama Sutra of Vatsyayana
Translated From the Sanscrit in Seven Parts With Preface, Introduction and Concluding Remarks",Vatsyayana,5593,en,"Sociology/Erotic Fiction/Banned Books from Anne Haight's list/Category: Mythology, Legends & Folklore/Category: Philosophy & Ethics/Category: Sexuality & Erotica",Public domain in the USA.,TRUE
27921,The Love of Frank Nineteen,"Knight, David C.",33014,en,Science Fiction/Category: Science-Fiction & Fantasy/Category: Romance,Public domain in the USA.,TRUE
27968,Tulan,"MacApp, C. C.",25709,en,Science Fiction/Category: Science-Fiction & Fantasy/Category: Novels,Public domain in the USA.,TRUE
28030,Reluctant Genius,"Slesar, Henry",28398,en,Science Fiction/Category: Short Stories/Category: Science-Fiction & Fantasy,Public domain in the USA.,TRUE
28031,Resurrection,"Shea, Robert",33088,en,Slavery/Science Fiction/Category: Short Stories/Category: Science-Fiction & Fantasy,Public domain in the USA.,TRUE
28045,Walls of Acid,"Hasse, Henry",32816,en,Science Fiction/Category: Science-Fiction & Fantasy,Public domain in the USA.,TRUE
28047,Strange Alliance,"Walton, Bryce",33100,en,"Science Fiction/Category: Crime, Thrillers and Mystery/Category: Novels",Public domain in the USA.,TRUE
28048,Shepherd of the Planets,"Mattox, Alan",33102,en,Science Fiction/Category: Science-Fiction & Fantasy/Category: Novels,Public domain in the USA.,TRUE
28062,The Man Who Saw the Future,"Hamilton, Edmond",26787,en,Science Fiction/Category: Short Stories/Category: Science-Fiction & Fantasy,Public domain in the USA.,TRUE
28063,The Next Logical Step,"Bova, Ben",33114,en,Science Fiction/Category: Science-Fiction & Fantasy/Category: Novels,Public domain in the USA.,TRUE
28071,"The Red Triangle: Being Some Further Chronicles of Martin Hewitt, Investigator","Morrison, Arthur",3903,en,"Detective Fiction/Category: Short Stories/Category: Crime, Thrillers and Mystery/Category: British Literature",Public domain in the USA.,TRUE
28111,Moment of Truth,"Wells, Basil",33148,en,Science Fiction/Category: Science-Fiction & Fantasy,Public domain in the USA.,TRUE
28118,The Great Gray Plague,"Jones, Raymond F.",25386,en,Science Fiction/Category: Science-Fiction & Fantasy/Category: Novels,Public domain in the USA.,TRUE
28119,"My Father, the Cat","Slesar, Henry",28398,en,Science Fiction/Category: Short Stories/Category: Science-Fiction & Fantasy/Category: Humour,Public domain in the USA.,TRUE
28156,Minor Detail,"Sharkey, Jack",32269,en,Science Fiction/Category: Short Stories/Category: Science-Fiction & Fantasy/Category: Humour,Public domain in the USA.,TRUE
28215,Empire,"Simak, Clifford D.",25185,en,Science Fiction/Category: Science-Fiction & Fantasy/Category: Novels,Public domain in the USA.,TRUE
28437,It's a Small Solar System,"Howard, Allan",33335,en,Science Fiction/Category: Science-Fiction & Fantasy/Category: Novels,Public domain in the USA.,TRUE
28438,The Helpful Robots,"Shea, Robert",33088,en,Science Fiction/Category: Short Stories/Category: Science-Fiction & Fantasy,Public domain in the USA.,TRUE
28450,Stopover,"Gerken, William",33341,en,Science Fiction/Category: Science-Fiction & Fantasy,Public domain in the USA.,TRUE
28451,I Like Martian Music,"Fritch, Charles E.",33342,en,Science Fiction/Category: Short Stories/Category: Science-Fiction & Fantasy,Public domain in the USA.,TRUE
28453,Flight Through Tomorrow,"Coblentz, Stanton A. (Stanton Arthur)",33343,en,Science Fiction/Category: Science-Fiction & Fantasy/Category: Novels,Public domain in the USA.,TRUE
28518,Mex,"Janifer, Laurence M.",25268,en,Science Fiction/Category: Short Stories/Category: Science-Fiction & Fantasy,Public domain in the USA.,TRUE
28535,Out of This World Convention,"Ackerman, Forrest J.",33388,en,Science Fiction/Category: Science-Fiction & Fantasy,Public domain in the USA.,TRUE
28543,Rex Ex Machina,"Max, Frederic",33391,en,Science Fiction/Category: Short Stories/Category: Science-Fiction & Fantasy/Category: Novels,Public domain in the USA.,TRUE
28550,Song in a Minor Key,"Moore, C. L. (Catherine Lucile)",33397,en,Science Fiction/Science Fiction by Women/Category: Short Stories/Category: Science-Fiction & Fantasy,Public domain in the USA.,TRUE
28554,Beyond Lies the Wub,"Dick, Philip K.",33399,en,Science Fiction/Category: Short Stories/Category: Science-Fiction & Fantasy,Public domain in the USA.,TRUE
28583,The Calm Man,"Long, Frank Belknap",25911,en,Science Fiction/Category: Short Stories/Category: Science-Fiction & Fantasy,Public domain in the USA.,TRUE
28608,Inside John Barth,"Stuart, William W.",33446,en,Science Fiction/Category: Science-Fiction & Fantasy/Category: Novels,Public domain in the USA.,TRUE
28628,Devil Crystals of Arret,"Wells, Hal K.",32327,en,Science Fiction/Astounding Stories/Category: Science-Fiction & Fantasy/Category: Adventure,Public domain in the USA.,TRUE
28644,Beyond the Door,"Dick, Philip K.",33399,en,Science Fiction/Category: Short Stories/Category: Science-Fiction & Fantasy,Public domain in the USA.,TRUE
28645,Lost in the Future,"Peterson, John Victor",33468,en,Science Fiction/Category: Short Stories/Category: Science-Fiction & Fantasy,Public domain in the USA.,TRUE
28646,Solar Stiff,"Stopher, Chas. A.",33469,en,Science Fiction/Category: Short Stories/Category: Science-Fiction & Fantasy/Category: Humour,Public domain in the USA.,TRUE
28647,Texas Week,"Hernhuter, Albert",33470,en,Science Fiction/Category: Short Stories/Category: Science-Fiction & Fantasy/Category: Psychiatry/Psychology,Public domain in the USA.,TRUE
28650,Year of the Big Thaw,"Bradley, Marion Zimmer",8842,en,Science Fiction/Science Fiction by Women/Category: Science-Fiction & Fantasy/Category: Novels/Category: American Literature,Public domain in the USA.,TRUE
28698,The Crystal Crypt,"Dick, Philip K.",33399,en,Science Fiction/Category: Short Stories/Category: Science-Fiction & Fantasy,Public domain in the USA.,TRUE
28705,The God in the Box,"Wright, Sewell Peaslee",9555,en,Science Fiction/Astounding Stories/Category: Science-Fiction & Fantasy/Category: Novels,Public domain in the USA.,TRUE
28767,The Defenders,"Dick, Philip K.",33399,en,Science Fiction/Category: Science-Fiction & Fantasy/Category: Novels,Public domain in the USA.,TRUE
28832,The Sargasso of Space,"Hamilton, Edmond",26787,en,Science Fiction/Astounding Stories/Category: Science-Fiction & Fantasy/Category: Novels,Public domain in the USA.,TRUE
28883,The Copper-Clad World,"Vincent, Harl",25146,en,Science Fiction/Astounding Stories/Category: Science-Fiction & Fantasy/Category: Novels,Public domain in the USA.,TRUE
28892,Benefactor,"Smith, George H. (George Henry)",33574,en,Science Fiction/Category: Science-Fiction & Fantasy,Public domain in the USA.,TRUE
28893,Of Time and Texas,"Nolan, William F.",33575,en,Science Fiction/Category: Science-Fiction & Fantasy/Category: Humour/Category: Novels/Category: American Literature,Public domain in the USA.,TRUE
28894,Two Plus Two Makes Crazy,"Sheldon, Walter J.",33576,en,Science Fiction/Category: Short Stories/Category: Science-Fiction & Fantasy/Category: Humour,Public domain in the USA.,TRUE
28922,Compatible,"Smith, Richard Rein",33589,en,Science Fiction/Category: Short Stories/Category: Science-Fiction & Fantasy,Public domain in the USA.,TRUE
28924,Collector's Item,"Young, Robert F.",25767,en,Science Fiction/Category: Short Stories/Category: Science-Fiction & Fantasy/Category: Humour,Public domain in the USA.,TRUE
28933,One Out of Ten,"Ferlaine, J. Anthony",33594,en,Science Fiction/Category: Short Stories/Category: Science-Fiction & Fantasy/Category: Humour,Public domain in the USA.,TRUE
28953,When I Grow Up,"Lowe, Richard E.",33605,en,Science Fiction/Category: Science-Fiction & Fantasy,Public domain in the USA.,TRUE
28954,This is Klon Calling,"Sheldon, Walter J.",33576,en,Science Fiction/Category: Short Stories/Category: Science-Fiction & Fantasy/Category: Humour,Public domain in the USA.,TRUE
29027,Spawn of the Comet,"Rich, H. Thompson (Harold Thompson)",33647,en,Science Fiction/Astounding Stories/Category: Science-Fiction & Fantasy/Category: Novels,Public domain in the USA.,TRUE
29038,In the Orbit of Saturn,"Starzl, Roman Frederick",33651,en,Science Fiction/Astounding Stories/Category: Science-Fiction & Fantasy/Category: Adventure,Public domain in the USA.,TRUE
29046,The Heads of Apex,"Weiss, George Henry",26064,en,Science Fiction/Astounding Stories/Category: Science-Fiction & Fantasy/Category: Adventure,Public domain in the USA.,TRUE
29053,Raiders Invisible,"Hall, Desmond Winter",32702,en,Science Fiction/Astounding Stories/Category: Science-Fiction & Fantasy/Category: Adventure/Category: Novels/Category: American Literature,Public domain in the USA.,TRUE
29060,The Einstein See-Saw,"Breuer, Miles J. (Miles John)",33669,en,Science Fiction/Astounding Stories/Category: Science-Fiction & Fantasy/Category: Novels,Public domain in the USA.,TRUE
29069,Poisoned Air,"Meek, S. P. (Sterner St. Paul)",25130,en,"Science Fiction/Astounding Stories/Category: Science-Fiction & Fantasy/Category: Crime, Thrillers and Mystery/Category: Novels/Category: American Literature",Public domain in the USA.,TRUE
29118,The Terror from the Depths,"Wright, Sewell Peaslee",9555,en,Science Fiction/Astounding Stories/Category: Science-Fiction & Fantasy/Category: Adventure,Public domain in the USA.,TRUE
29133,Shipwreck in the Sky,"Binder, Eando",33710,en,Science Fiction/Category: Science-Fiction & Fantasy/Category: Adventure/Category: Novels/Category: American Literature,Public domain in the USA.,TRUE
29135,"With the Night Mail: A Story of 2000 A.D.
(Together with extracts from the comtemporary magazine in which it appeared)","Kipling, Rudyard",132,en,Science Fiction/Category: Science-Fiction & Fantasy/Category: British Literature/Nobel Prizes in Literature,Public domain in the USA.,TRUE
29138,The Doorway,"Smith, Evelyn E.",25680,en,Science Fiction/Science Fiction by Women/Category: Science-Fiction & Fantasy,Public domain in the USA.,TRUE
29139,No Pets Allowed,"Cummings, Monette",33714,en,Science Fiction/Category: Science-Fiction & Fantasy,Public domain in the USA.,TRUE
29140,The Mathematicians,"Feldman, Arthur",33715,en,Science Fiction/Category: Science-Fiction & Fantasy,Public domain in the USA.,TRUE
29142,Keep Out,"Brown, Fredric",32063,en,Science Fiction/Category: Short Stories/Category: Science-Fiction & Fantasy,Public domain in the USA.,TRUE
29146,Equation of Doom,"Vance, Gerald",32968,en,Science Fiction/Category: Science-Fiction & Fantasy/Category: Novels,Public domain in the USA.,TRUE
29149,"Cogito, Ergo Sum","West, John Foster",33722,en,Science Fiction/Category: Science-Fiction & Fantasy,Public domain in the USA.,TRUE
29159,Acid Bath,"Garson, Bill",33727,en,Science Fiction/Category: Science-Fiction & Fantasy,Public domain in the USA.,TRUE
29160,Operation Lorelie,"Salton, William P.",33728,en,Science Fiction/Category: Science-Fiction & Fantasy/Category: Novels,Public domain in the USA.,TRUE
29168,Houlihan's Equation,"Sheldon, Walter J.",33576,en,"Science Fiction/Category: Science-Fiction & Fantasy/Category: Novels/Category: Mythology, Legends & Folklore",Public domain in the USA.,TRUE
29170,The Hoofer,"Miller, Walter M.",33738,en,Science Fiction/Category: Science-Fiction & Fantasy/Category: Novels,Public domain in the USA.,TRUE
29177,The Pygmy Planet,"Williamson, Jack",31775,en,Science Fiction/Astounding Stories/Category: Science-Fiction & Fantasy/Category: Adventure,Public domain in the USA.,TRUE
29190,The Great Dome on Mercury,"Zagat, Arthur Leo",33759,en,Science Fiction/Astounding Stories/Category: Science-Fiction & Fantasy/Category: Novels,Public domain in the USA.,TRUE
29194,G-r-r-r...!,"Locke, Robert Donald",31862,en,Science Fiction/Category: Short Stories/Category: Science-Fiction & Fantasy/Category: Humour,Public domain in the USA.,TRUE
29195,It's All Yours,"Merwin, Sam, Jr.",33758,en,Science Fiction/Category: Science-Fiction & Fantasy/Category: Novels,Public domain in the USA.,TRUE
29196,Mutineer,"Shea, Robert",33088,en,Animal/Science Fiction/Category: Science-Fiction & Fantasy/Category: Novels,Public domain in the USA.,TRUE
29202,The Hammer of Thor,"Diffin, Charles Willard",33760,en,Science Fiction/Astounding Stories/Category: Science-Fiction & Fantasy/Category: Novels,Public domain in the USA.,TRUE
29205,Grove of the Unborn,"Venable, Lyn",33761,en,Science Fiction/Science Fiction by Women/Category: Science-Fiction & Fantasy/Category: Novels,Public domain in the USA.,TRUE
29209,Reel Life Films,"Merwin, Sam, Jr.",33758,en,Science Fiction/Category: Science-Fiction & Fantasy/Category: Humour/Category: Novels/Category: American Literature,Public domain in the USA.,TRUE
29240,Be It Ever Thus,"Williams, Robert Moore",33777,en,Science Fiction/Category: Science-Fiction & Fantasy/Category: Novels,Public domain in the USA.,TRUE
29242,Made in Tanganyika,"Jacobi, Carl",25187,en,Science Fiction/Category: Science-Fiction & Fantasy/Category: Novels,Public domain in the USA.,TRUE
29272,No Hiding Place,"Smith, Richard Rein",33589,en,Science Fiction/Category: Science-Fiction & Fantasy/Category: Novels,Public domain in the USA.,TRUE
29283,Salvage in Space,"Williamson, Jack",31775,en,Science Fiction/Astounding Stories/Category: Science-Fiction & Fantasy/Category: Adventure/Category: Novels,Public domain in the USA.,TRUE
29290,Now We Are Three,"Hensley, Joe L.",33820,en,Science Fiction/Category: Science-Fiction & Fantasy/Category: Novels,Public domain in the USA.,TRUE
29293,Priestess of the Flame,"Wright, Sewell Peaslee",9555,en,Science Fiction/Astounding Stories/Category: Science-Fiction & Fantasy/Category: Novels,Public domain in the USA.,TRUE
29298,The Bluff of the Hawk,"Gilmore, Anthony",33822,en,Science Fiction/Astounding Stories/Category: Science-Fiction & Fantasy/Category: Adventure/Category: Novels,Public domain in the USA.,TRUE
29299,Pirates of the Gorm,"Schachner, Nathan",33823,en,Science Fiction/Astounding Stories/Category: Science-Fiction & Fantasy/Category: Adventure/Category: Novels,Public domain in the USA.,TRUE
29303,Operation Earthworm,"Archibald, Joe",33826,en,Science Fiction/Category: Science-Fiction & Fantasy/Category: Humour/Category: Adventure/Category: Novels,Public domain in the USA.,TRUE
29308,Small World,"Nolan, William F.",33575,en,Science Fiction/Category: Science-Fiction & Fantasy/Category: Novels/Category: American Literature,Public domain in the USA.,TRUE
29310,The Affair of the Brains,"Gilmore, Anthony",33822,en,Science Fiction/Astounding Stories/Category: Science-Fiction & Fantasy/Category: Adventure,Public domain in the USA.,TRUE
29317,There Will Be School Tomorrow,"Thiessen, V. E.",33840,en,Science Fiction/Category: Short Stories/Category: Science-Fiction & Fantasy,Public domain in the USA.,TRUE
29326,The Great Drought,"Meek, S. P. (Sterner St. Paul)",25130,en,Science Fiction/Astounding Stories/Category: Science-Fiction & Fantasy/Category: Novels/Category: American Literature,Public domain in the USA.,TRUE
29328,The Shining Cow,"James, Alex",33847,en,Science Fiction/Category: Science-Fiction & Fantasy/Category: Humour/Category: Novels,Public domain in the USA.,TRUE
29354,This One Problem,"Pease, M. C.",33866,en,Science Fiction/Category: Science-Fiction & Fantasy/Category: Novels,Public domain in the USA.,TRUE
29355,The Odyssey of Sam Meecham,"Fritch, Charles E.",33342,en,Science Fiction/Category: Science-Fiction & Fantasy/Category: Novels,Public domain in the USA.,TRUE
29356,Such Blooming Talk,"Reynolds, L. Major",33867,en,Science Fiction/Category: Short Stories/Category: Science-Fiction & Fantasy/Category: Humour,Public domain in the USA.,TRUE
29384,Disowned,"Endersby, Victor A.",33886,en,Science Fiction/Astounding Stories/Category: Science-Fiction & Fantasy/Category: Novels,Public domain in the USA.,TRUE
29389,Raiders of the universes,"Wandrei, Donald",33890,en,Science Fiction/Astounding Stories/Category: Science-Fiction & Fantasy/Category: Novels,Public domain in the USA.,TRUE
29390,Astounding Stories of Super-Science April 1930,"Pelcher, Anthony",41198,en,Science Fiction/Astounding Stories/Category: Short Stories/Category: Science-Fiction & Fantasy,Public domain in the USA.,TRUE
29408,Wanderer of Infinity,"Vincent, Harl",25146,en,Science Fiction/Astounding Stories/Category: Science-Fiction & Fantasy/Category: Novels,Public domain in the USA.,TRUE
29410,The End of Time,"West, Wallace",33900,en,Science Fiction/Astounding Stories/Category: Science-Fiction & Fantasy/Category: Novels,Public domain in the USA.,TRUE
29416,The Mind Master,"Burks, Arthur J.",33901,en,Science Fiction/Astounding Stories/Category: Science-Fiction & Fantasy/Category: Novels,Public domain in the USA.,TRUE
29418,The Man from Time,"Long, Frank Belknap",25911,en,Science Fiction/Category: Science-Fiction & Fantasy/Category: Novels,Public domain in the USA.,TRUE
29421,The Floating Island of Madness,"Kirby, Jason",33903,en,Science Fiction/Astounding Stories/Category: Science-Fiction & Fantasy/Category: Adventure/Category: Novels,Public domain in the USA.,TRUE
29437,The Martian Cabal,"Starzl, Roman Frederick",33651,en,Science Fiction/Astounding Stories/Category: Science-Fiction & Fantasy/Category: Adventure,Public domain in the USA.,TRUE
29445,The Hour of Battle,"Sheckley, Robert",2960,en,Science Fiction/Category: Science-Fiction & Fantasy/Category: Novels,Public domain in the USA.,TRUE
29446,Beside Still Waters,"Sheckley, Robert",2960,en,Science Fiction/Category: Science-Fiction & Fantasy/Category: Novels,Public domain in the USA.,TRUE
29457,Loot of the Void,"Sloat, Edwin K.",33922,en,Science Fiction/Astounding Stories/Category: Science-Fiction & Fantasy/Category: Adventure/Category: Novels,Public domain in the USA.,TRUE
29458,Cost of Living,"Sheckley, Robert",2960,en,Science Fiction/Category: Short Stories/Category: Science-Fiction & Fantasy,Public domain in the USA.,TRUE
29466,Lords of the Stratosphere,"Burks, Arthur J.",33901,en,Science Fiction/Astounding Stories/Category: Science-Fiction & Fantasy/Category: Novels,Public domain in the USA.,TRUE
29475,Under Arctic Ice,"Bates, Harry",33755,en,Science Fiction/Astounding Stories/Category: Science-Fiction & Fantasy/Category: Adventure,Public domain in the USA.,TRUE
29488,"We're Friends, Now","Hasse, Henry",32816,en,"Science Fiction/Category: Science-Fiction & Fantasy/Category: Crime, Thrillers and Mystery/Category: Novels",Public domain in the USA.,TRUE
29492,Old Rambling House,"Herbert, Frank",25754,en,Science Fiction/Category: Short Stories/Category: Science-Fiction & Fantasy,Public domain in the USA.,TRUE
29503,The Hated,"Pohl, Frederik",25413,en,Science Fiction/Category: Science-Fiction & Fantasy/Category: Novels,Public domain in the USA.,TRUE
29535,The Hands,"Sternbach, Richard A.",33970,en,Science Fiction/Category: Short Stories/Category: Science-Fiction & Fantasy,Public domain in the USA.,TRUE
29542,The Valor of Cappen Varra,"Anderson, Poul",25203,en,"Science Fiction/Category: Science-Fiction & Fantasy/Category: Adventure/Category: Mythology, Legends & Folklore",Public domain in the USA.,TRUE
29559,They Twinkled Like Jewels,"Farmer, Philip José",33989,en,Science Fiction/Category: Science-Fiction & Fantasy,Public domain in the USA.,TRUE
29578,George Loves Gistla,"McKimmey, James",34006,en,Science Fiction/Category: Science-Fiction & Fantasy/Category: Romance/Category: Novels,Public domain in the USA.,TRUE
29599,Homesick,"Venable, Lyn",33761,en,Science Fiction/Science Fiction by Women/Category: Science-Fiction & Fantasy,Public domain in the USA.,TRUE
29601,See?,"Robles, Edward G.",34021,en,Science Fiction/Category: Short Stories/Category: Science-Fiction & Fantasy,Public domain in the USA.,TRUE
29618,The Aggravation of Elmer,"Arthur, Robert",25995,en,Science Fiction/Category: Short Stories/Category: Science-Fiction & Fantasy/Category: Humour,Public domain in the USA.,TRUE
29619,The Altar at Midnight,"Kornbluth, C. M. (Cyril M.)",34039,en,Science Fiction/Category: Short Stories/Category: Science-Fiction & Fantasy,Public domain in the USA.,TRUE
29620,Sorry: Wrong Dimension,"Rocklynne, Ross",34040,en,Science Fiction/Category: Short Stories/Category: Science-Fiction & Fantasy/Category: Humour,Public domain in the USA.,TRUE
29623,The Cuckoo Clock,"Barefoot, Wesley",34042,en,"Science Fiction/Category: Crime, Thrillers and Mystery/Category: Novels",Public domain in the USA.,TRUE
29625,Teething Ring,"Causey, James",34044,en,Science Fiction/Category: Short Stories/Category: Science-Fiction & Fantasy/Category: Humour,Public domain in the USA.,TRUE
29632,Competition,"Causey, James",34044,en,Science Fiction/Category: Science-Fiction & Fantasy/Category: Novels,Public domain in the USA.,TRUE
29643,Death of a Spaceman,"Miller, Walter M.",33738,en,Science Fiction/Category: Short Stories/Category: Science-Fiction & Fantasy/Category: American Literature,Public domain in the USA.,TRUE
29680,Decision,"Robinson, Frank M.",34076,en,Science Fiction/Category: Science-Fiction & Fantasy/Category: Novels,Public domain in the USA.,TRUE
29698,Lighter Than You Think,"Bond, Nelson S.",34095,en,Science Fiction/Category: Short Stories/Category: Science-Fiction & Fantasy/Category: Humour,Public domain in the USA.,TRUE
29702,The Space Rover,"Sloat, Edwin K.",33922,en,Science Fiction/Astounding Stories/Category: Science-Fiction & Fantasy/Category: Adventure,Public domain in the USA.,TRUE
29717,The Finding of Haldgren,"Diffin, Charles Willard",33760,en,Science Fiction/Astounding Stories/Category: Science-Fiction & Fantasy/Category: Adventure,Public domain in the USA.,TRUE
29720,Hall of Mirrors,"Brown, Fredric",32063,en,Science Fiction/Category: Science-Fiction & Fantasy/Category: Novels,Public domain in the USA.,TRUE
29727,Zero Data,"Saphro, Charles",34115,en,"Science Fiction/Category: Science-Fiction & Fantasy/Category: Crime, Thrillers and Mystery/Category: Novels",Public domain in the USA.,TRUE
29735,Martians Never Die,"Daniel, Lucius",34122,en,Science Fiction/Category: Science-Fiction & Fantasy/Category: Novels,Public domain in the USA.,TRUE
29742,The Long Voyage,"Jacobi, Carl",25187,en,Science Fiction/Category: Science-Fiction & Fantasy/Category: Novels,Public domain in the USA.,TRUE
29749,The Flying Cuspidors,"Francis, V. R.",34129,en,Science Fiction/Category: Science-Fiction & Fantasy/Category: Romance/Category: Humour/Category: Novels,Public domain in the USA.,TRUE
29750,Zen,"Bixby, Jerome",34130,en,Science Fiction/Category: Short Stories/Category: Science-Fiction & Fantasy,Public domain in the USA.,TRUE
29771,The Planetoid of Peril,"Ernst, Paul",25157,en,Science Fiction/Astounding Stories/Category: Science-Fiction & Fantasy/Category: Novels,Public domain in the USA.,TRUE
29790,Pleasant Journey,"Thieme, Richard",34185,en,Science Fiction/Category: Short Stories/Category: Science-Fiction & Fantasy,Public domain in the USA.,TRUE
29791,The Most Sentimental Man,"Smith, Evelyn E.",25680,en,Science Fiction/Science Fiction by Women/Category: Science-Fiction & Fantasy,Public domain in the USA.,TRUE
29793,The Hohokam Dig,"Pratt, Theodore",34174,en,Science Fiction/Category: Historical Novels/Category: Science-Fiction & Fantasy/Category: Adventure/Category: Novels/Category: American Literature,Public domain in the USA.,TRUE
29794,"Tree, Spare that Woodman","Dryfoos, Dave",34175,en,Science Fiction/Category: Science-Fiction & Fantasy,Public domain in the USA.,TRUE
29822,Rescue Squad,"O'Hara, Thomas J.",34197,en,Science Fiction/Category: Science-Fiction & Fantasy/Category: Novels,Public domain in the USA.,TRUE
29832,Second Sight,"Wells, Basil",33148,en,Science Fiction/Category: Science-Fiction & Fantasy/Category: Novels,Public domain in the USA.,TRUE
29889,Life Sentence,"McConnell, James V.",34228,en,Science Fiction/Category: Science-Fiction & Fantasy/Category: Novels,Public domain in the USA.,TRUE
29897,Runaway,"Samachson, Joseph",33434,en,Science Fiction/Category: Science-Fiction & Fantasy/Category: Novels,Public domain in the USA.,TRUE
29908,The Adventurer,"Kornbluth, C. M. (Cyril M.)",34039,en,Science Fiction/Category: Science-Fiction & Fantasy/Category: Novels,Public domain in the USA.,TRUE
29910,The Second Voice,"Rubin, Mann",34245,en,Science Fiction/Category: Science-Fiction & Fantasy,Public domain in the USA.,TRUE
29931,The Big Tomorrow,"Shaver, Richard S.",35925,en,Science Fiction/Category: Science-Fiction & Fantasy/Category: Novels,Public domain in the USA.,TRUE
29947,Spacemen Never Die!,"Hershman, Morris",34261,en,Science Fiction/Category: Short Stories/Category: Science-Fiction & Fantasy,Public domain in the USA.,TRUE
29948,Two Timer,"Brown, Fredric",32063,en,Science Fiction/Category: Short Stories/Category: Science-Fiction & Fantasy,Public domain in the USA.,TRUE
29954,There is a Reaper ...,"De Vet, Charles V.",32106,en,Science Fiction/Category: Short Stories/Category: Science-Fiction & Fantasy,Public domain in the USA.,TRUE
29962,Celebrity,"McKimmey, James",34006,en,Science Fiction/Category: Novels/Category: American Literature,Public domain in the USA.,TRUE
29963,"Goodbye, Dead Man!","Harris, Tom W.",34273,en,Science Fiction/Category: Short Stories/Category: Science-Fiction & Fantasy,Public domain in the USA.,TRUE
29965,Two Thousand Miles Below,"Diffin, Charles Willard",33760,en,Science Fiction/Astounding Stories/Category: Science-Fiction & Fantasy/Category: Adventure,Public domain in the USA.,TRUE
29966,Slaves of Mercury,"Schachner, Nathan",33823,en,Science Fiction/Astounding Stories/Category: Science-Fiction & Fantasy,Public domain in the USA.,TRUE
29975,One Martian Afternoon,"Leahy, Tom",34282,en,Science Fiction/Category: Short Stories/Category: Science-Fiction & Fantasy,Public domain in the USA.,TRUE
29976,Weak on Square Roots,"Burton, Russell",34283,en,Science Fiction/Category: Short Stories/Category: Science-Fiction & Fantasy,Public domain in the USA.,TRUE
29987,Join Our Gang?,"Lanier, Sterling E.",34292,en,Science Fiction/Category: Science-Fiction & Fantasy,Public domain in the USA.,TRUE
30002,Sjambak,"Vance, Jack",34300,en,Science Fiction/Category: Science-Fiction & Fantasy/Category: Adventure,Public domain in the USA.,TRUE
30004,A Bottle of Old Wine,"Lewis, Richard O.",34303,en,"Science Fiction/Category: Science-Fiction & Fantasy/Category: Crime, Thrillers and Mystery",Public domain in the USA.,TRUE
30010,Trees Are Where You Find Them,"Savage, Arthur Dekker",34306,en,Science Fiction/Category: Short Stories/Category: Science-Fiction & Fantasy,Public domain in the USA.,TRUE
30014,Native Son,"Hamm, T. D.",34312,en,Science Fiction/Science Fiction by Women/Category: Science-Fiction & Fantasy/Category: Novels,Public domain in the USA.,TRUE
30015,Stopover Planet,"Gilbert, Robert E.",34313,en,Science Fiction/Category: Short Stories/Category: Science-Fiction & Fantasy/Category: Humour,Public domain in the USA.,TRUE
30034,I'll Kill You Tomorrow,"Huber, Helen",34325,en,Science Fiction/Science Fiction by Women/Category: Short Stories/Category: Science-Fiction & Fantasy,Public domain in the USA.,TRUE
30044,The Carnivore,"MacLean, Katherine",34332,en,Science Fiction/Science Fiction by Women/Category: Short Stories/Category: Science-Fiction & Fantasy,Public domain in the USA.,TRUE
30045,Planet of Dreams,"McKimmey, James",34006,en,Science Fiction/Category: Science-Fiction & Fantasy/Category: Novels,Public domain in the USA.,TRUE
30062,The Plague,"Keller, Teddy",34342,en,Science Fiction/Category: Science-Fiction & Fantasy/Category: Novels/Category: American Literature,Public domain in the USA.,TRUE
30063,Double Take,"Wilson, Richard",34343,en,Science Fiction/Category: Short Stories/Category: Science-Fiction & Fantasy/Category: Adventure,Public domain in the USA.,TRUE
30086,Has Anyone Here Seen Kelly?,"Walton, Bryce",33100,en,Science Fiction/Category: Science-Fiction & Fantasy,Public domain in the USA.,TRUE
30170,Lonesome Hearts,"Winterbotham, R. R. (Russell Robert)",25195,en,Science Fiction/Category: Science-Fiction & Fantasy,Public domain in the USA.,TRUE
30189,Show Business,"Ellanby, Boyd",35725,en,Science Fiction/Category: Short Stories/Category: Science-Fiction & Fantasy/Category: Humour,Public domain in the USA.,TRUE
30199,McIlvaine's Star,"Derleth, August",34440,en,Science Fiction/Category: Science-Fiction & Fantasy/Category: Novels,Public domain in the USA.,TRUE
30214,The Red Hell of Jupiter,"Ernst, Paul",25157,en,Science Fiction/Astounding Stories/Category: Science-Fiction & Fantasy/Category: Adventure,Public domain in the USA.,TRUE
30240,The Big Trip Up Yonder,"Vonnegut, Kurt",9812,en,Science Fiction/Category: Short Stories/Category: Science-Fiction & Fantasy/Category: Humour/Category: American Literature,Public domain in the USA.,TRUE
30242,Prologue to an Analogue,"Richmond, Leigh",34183,en,Science Fiction/Science Fiction by Women/Category: Science-Fiction & Fantasy/Category: Novels,Public domain in the USA.,TRUE
30252,The Four-Faced Visitors of Ezekiel,"Orton, Arthur W.",34463,en,Science Fiction/Category: Science-Fiction & Fantasy/Category: Religion/Spirituality,Public domain in the USA.,TRUE
30267,Remember the Alamo!,"Fehrenbach, T. R.",34471,en,Science Fiction/Category: Historical Novels/Category: American Literature,Public domain in the USA.,TRUE
30283,The Sound of Silence,"Constant, Barbara",34490,en,Science Fiction/Science Fiction by Women/Category: Science-Fiction & Fantasy/Category: Novels/Category: Psychiatry/Psychology,Public domain in the USA.,TRUE
30303,The Passing of Ku Sui,"Gilmore, Anthony",33822,en,Science Fiction/Astounding Stories/Category: Science-Fiction & Fantasy/Category: Adventure,Public domain in the USA.,TRUE
30305,DP,"Savage, Arthur Dekker",34306,en,Science Fiction/Category: Science-Fiction & Fantasy/Category: Novels,Public domain in the USA.,TRUE
30307,Hawk Carse,"Gilmore, Anthony",33822,en,Science Fiction/Astounding Stories/Category: Science-Fiction & Fantasy/Category: Adventure,Public domain in the USA.,TRUE
30311,Modus Vivendi,"Berryman, John",33947,en,Science Fiction/Category: Science-Fiction & Fantasy/Category: Novels,Public domain in the USA.,TRUE
30329,Black Eyes and the Daily Grind,"Marlowe, Stephen",32369,en,Science Fiction/Category: Science-Fiction & Fantasy/Category: Novels/Category: American Literature,Public domain in the USA.,TRUE
30330,High Dragon Bump,"Thompson, Don",34538,en,Science Fiction/Category: Science-Fiction & Fantasy/Category: Humour/Category: Novels,Public domain in the USA.,TRUE
30348,The Last Supper,"Hamm, T. D.",34312,en,Science Fiction/Science Fiction by Women/Category: Short Stories/Category: Science-Fiction & Fantasy,Public domain in the USA.,TRUE
30353,The Smiler,"Hernhuter, Albert",33470,en,"Science Fiction/Category: Short Stories/Category: Science-Fiction & Fantasy/Category: Crime, Thrillers and Mystery/Category: American Literature",Public domain in the USA.,TRUE
30361,The Stowaway,"Heiner, Alvin",34556,en,Science Fiction/Category: Short Stories/Category: Science-Fiction & Fantasy,Public domain in the USA.,TRUE
30379,Field Trip,"Hunter, Gene",34569,en,Science Fiction/Category: Short Stories/Category: Science-Fiction & Fantasy,Public domain in the USA.,TRUE
30380,Pipe of Peace,"McKimmey, James",34006,en,Science Fiction/Category: Short Stories/Category: Science-Fiction & Fantasy,Public domain in the USA.,TRUE
30381,Prelude to Space,"Haseltine, Robert W.",34570,en,Science Fiction/Category: Short Stories/Category: Science-Fiction & Fantasy/Category: American Literature,Public domain in the USA.,TRUE
30382,"Say ""Hello"" for Me","Coggins, Frank W.",34571,en,Science Fiction/Category: Short Stories/Category: Science-Fiction & Fantasy,Public domain in the USA.,TRUE
30383,Spies Die Hard!,"Marmor, Arnold",34572,en,"Science Fiction/Category: Science-Fiction & Fantasy/Category: Crime, Thrillers and Mystery/Category: Novels",Public domain in the USA.,TRUE
30399,Pythias,"Pohl, Frederik",25413,en,Science Fiction/Category: Science-Fiction & Fantasy/Category: Novels,Public domain in the USA.,TRUE
30405,The Clean and Wholesome Land,"Sholto, Ralph",34585,en,Science Fiction/Category: Science-Fiction & Fantasy/Category: Novels,Public domain in the USA.,TRUE
30416,"Waste Not, Want","Dryfoos, Dave",34175,en,Science Fiction/Category: Science-Fiction & Fantasy/Category: Novels,Public domain in the USA.,TRUE
30427,The Lost Kafoozalum,"Ashwell, Pauline",34604,en,Science Fiction/Science Fiction by Women/Category: Science-Fiction & Fantasy/Category: Adventure/Category: Novels,Public domain in the USA.,TRUE
30437,Larson's Luck,"Vance, Gerald",32968,en,Science Fiction/Category: Science-Fiction & Fantasy/Category: Adventure/Category: Novels,Public domain in the USA.,TRUE
30454,Blind Spot,"Jones, Bascom",34619,en,Science Fiction/Category: Science-Fiction & Fantasy/Category: Novels,Public domain in the USA.,TRUE
30457,Through Russian Snows: A Story of Napoleon's Retreat from Moscow,"Henty, G. A. (George Alfred)",1032,en,Historical Fiction/Category: Historical Novels/Category: Adventure/Category: British Literature,Public domain in the USA.,TRUE
30468,"Holes, Incorporated","Reynolds, L. Major",33867,en,Science Fiction/Category: Science-Fiction & Fantasy/Category: Humour/Category: Novels,Public domain in the USA.,TRUE
30474,They Also Serve,"Westlake, Donald E.",32451,en,Science Fiction/Category: Short Stories/Category: Science-Fiction & Fantasy,Public domain in the USA.,TRUE
30475,With a Vengeance,"Woodley, J. B.",34628,en,Science Fiction/Category: Science-Fiction & Fantasy/Category: Novels,Public domain in the USA.,TRUE
30476,Zero Hour,"Blade, Alexander",56822,en,Science Fiction/Category: Short Stories/Category: Science-Fiction & Fantasy,Public domain in the USA.,TRUE
30486,Shirley,"Brontë, Charlotte",408,en,Historical Fiction/Category: Historical Novels/Category: Novels/Category: British Literature,Public domain in the USA.,TRUE
30491,Vital Ingredient,"De Vet, Charles V.",32106,en,Science Fiction/Category: Short Stories/Category: Science-Fiction & Fantasy,Public domain in the USA.,TRUE
30637,"Writings in the United Amateur, 1915-1922","Lovecraft, H. P. (Howard Phillips)",34724,en,"Science Fiction/Category: Essays, Letters & Speeches/Category: American Literature/Category: Journalism/Media/Writing",Public domain in the USA.,TRUE
30679,The Trouble with Telstar,"Berryman, John",33947,en,Science Fiction/Category: Science-Fiction & Fantasy/Category: Novels,Public domain in the USA.,TRUE
30715,Where There's Hope,"Bixby, Jerome",34130,en,Science Fiction/Category: Science-Fiction & Fantasy,Public domain in the USA.,TRUE
30767,New Apples in the Garden,"Neville, Kris",25913,en,Science Fiction/Category: Science-Fiction & Fantasy,Public domain in the USA.,TRUE
30828,The Barbarians,"Budrys, Algis",25613,en,Science Fiction/Category: Science-Fiction & Fantasy/Category: Novels,Public domain in the USA.,TRUE
30884,Step IV,"Brown, Rosel George",34873,en,Science Fiction/Category: Short Stories/Category: Science-Fiction & Fantasy,Public domain in the USA.,TRUE
30971,Industrial Revolution,"Anderson, Poul",25203,en,Science Fiction/Category: Science-Fiction & Fantasy/Category: Novels,Public domain in the USA.,TRUE
31038,The Real Hard Sell,"Stuart, William W.",33446,en,Science Fiction/Category: Science-Fiction & Fantasy/Category: Novels,Public domain in the USA.,TRUE
31062,The Cartels Jungle,"Cox, Irving E.",31427,en,Science Fiction/Category: Science-Fiction & Fantasy/Category: Novels,Public domain in the USA.,TRUE
31207,Where the World is Quiet,"Kuttner, Henry",35061,en,"Science Fiction/Category: Short Stories/Category: Science-Fiction & Fantasy/Category: Mythology, Legends & Folklore",Public domain in the USA.,TRUE
31215,A World Apart,"Merwin, Sam, Jr.",33758,en,Science Fiction/Category: Science-Fiction & Fantasy/Category: Novels,Public domain in the USA.,TRUE
31262,Rastignac the Devil,"Farmer, Philip José",33989,en,Science Fiction/Category: Science-Fiction & Fantasy/Category: Novels,Public domain in the USA.,TRUE
31287,Turnover Point,"Coppel, Alfred",25110,en,Science Fiction/Category: Science-Fiction & Fantasy,Public domain in the USA.,TRUE
31324,The Angel of the Revolution: A Tale of the Coming Terror,"Griffith, George Chetwynd",8557,en,Science Fiction/Category: Science-Fiction & Fantasy/Category: Novels,Public domain in the USA.,TRUE
31355,To Each His Star,"Walton, Bryce",33100,en,Science Fiction/Category: Science-Fiction & Fantasy,Public domain in the USA.,TRUE
31364,B-12's Moon Glow,"Stearns, Charles A.",26736,en,Science Fiction/Category: Science-Fiction & Fantasy/Category: Novels,Public domain in the USA.,TRUE
31469,The Shunned House,"Lovecraft, H. P. (Howard Phillips)",34724,en,"Science Fiction/Horror/Category: Short Stories/Category: Crime, Thrillers and Mystery/Category: American Literature",Public domain in the USA.,TRUE
31501,The Sensitive Man,"Anderson, Poul",25203,en,Science Fiction/Category: Science-Fiction & Fantasy/Category: Novels,Public domain in the USA.,TRUE
31547,Youth,"Asimov, Isaac",35316,en,Science Fiction/Category: Short Stories/Category: Science-Fiction & Fantasy/Category: American Literature,Public domain in the USA.,TRUE
31583,The Venus Trap,"Smith, Evelyn E.",25680,en,Science Fiction/Science Fiction by Women/Category: Science-Fiction & Fantasy/Category: Novels,Public domain in the USA.,TRUE
31599,To Remember Charlie By,"Aycock, Roger D.",25679,en,Science Fiction/Category: Science-Fiction & Fantasy/Category: Novels,Public domain in the USA.,TRUE
31619,The Planet Savers,"Bradley, Marion Zimmer",8842,en,Science Fiction/Science Fiction by Women/Category: Science-Fiction & Fantasy/Category: Novels,Public domain in the USA.,TRUE
31651,The Instant of Now,"Cox, Irving E.",31427,en,Science Fiction/Category: Science-Fiction & Fantasy/Category: Novels,Public domain in the USA.,TRUE
31665,Skin Game,"Fritch, Charles E.",33342,en,Science Fiction/Category: Science-Fiction & Fantasy/Category: Novels,Public domain in the USA.,TRUE
31716,Jimsy and the Monsters,"Sheldon, Walter J.",33576,en,Science Fiction/Category: Science-Fiction & Fantasy/Category: Humour/Category: Novels,Public domain in the USA.,TRUE
31736,Star Performer,"Shea, Robert",33088,en,Science Fiction/Category: Science-Fiction & Fantasy/Category: Novels,Public domain in the USA.,TRUE
31767,The Peacemaker,"Coppel, Alfred",25110,en,Science Fiction/Category: Science-Fiction & Fantasy/Category: Novels,Public domain in the USA.,TRUE
31778,The Draw,"Bixby, Jerome",34130,en,Science Fiction/Category: Short Stories/Category: Science-Fiction & Fantasy/Category: American Literature,Public domain in the USA.,TRUE
31840,Ring Once for Death,"Arthur, Robert",25995,en,Science Fiction/Category: Short Stories/Category: Science-Fiction & Fantasy,Public domain in the USA.,TRUE
31841,The Water Eater,"Marks, Winston K. (Winston Kinney)",26841,en,Science Fiction/Category: Short Stories/Category: Science-Fiction & Fantasy,Public domain in the USA.,TRUE
31897,You Don't Make Wine Like the Greeks Did,"Fisher, David E.",35541,en,Science Fiction/Category: Science-Fiction & Fantasy/Category: Novels,Public domain in the USA.,TRUE
31922,Felony,"Causey, James",34044,en,Science Fiction/Category: Short Stories/Category: Science-Fiction & Fantasy,Public domain in the USA.,TRUE
31929,Big Pill,"Gallun, Raymond Z. (Raymond Zinke)",28382,en,Science Fiction/Category: Science-Fiction & Fantasy/Category: Novels,Public domain in the USA.,TRUE
31948,Thompson's Cat,"Williams, Robert Moore",33777,en,Science Fiction/Category: Science-Fiction & Fantasy/Category: Novels,Public domain in the USA.,TRUE
31956,Garth and the Visitor,"Stecher, L. J., Jr.",32723,en,Science Fiction/Category: Science-Fiction & Fantasy,Public domain in the USA.,TRUE
31962,The Ethical Way,"Farrell, Joseph",35576,en,Science Fiction/Category: Science-Fiction & Fantasy/Category: Philosophy & Ethics,Public domain in the USA.,TRUE
31979,The Tunnel Under the World,"Pohl, Frederik",25413,en,Science Fiction/Category: Science-Fiction & Fantasy/Category: Novels/Category: American Literature,Public domain in the USA.,TRUE
31981,The Eel,"De Ford, Miriam Allen",35591,en,"Science Fiction/Category: Science-Fiction & Fantasy/Category: Crime, Thrillers and Mystery",Public domain in the USA.,TRUE
32026,The World That Couldn't Be,"Simak, Clifford D.",25185,en,Science Fiction/Category: Science-Fiction & Fantasy/Category: Novels,Public domain in the USA.,TRUE
32029,Seed of the Arctic Ice,"Bates, Harry",33755,en,Science Fiction/Astounding Stories/Category: Science-Fiction & Fantasy/Category: Adventure,Public domain in the USA.,TRUE
32054,Stamped Caution,"Gallun, Raymond Z. (Raymond Zinke)",28382,en,Science Fiction/Category: Science-Fiction & Fantasy/Category: Novels,Public domain in the USA.,TRUE
32076,Brown John's Body,"Marks, Winston K. (Winston Kinney)",26841,en,Science Fiction/Category: Short Stories/Category: Science-Fiction & Fantasy,Public domain in the USA.,TRUE
32077,Breeder Reaction,"Marks, Winston K. (Winston Kinney)",26841,en,Science Fiction/Category: Short Stories/Category: Science-Fiction & Fantasy,Public domain in the USA.,TRUE
32079,The Small World of M-75,"Clinton, Ed M.",25710,en,Science Fiction/Category: Science-Fiction & Fantasy,Public domain in the USA.,TRUE
32104,Turning Point,"Coppel, Alfred",25110,en,Science Fiction/Category: Science-Fiction & Fantasy,Public domain in the USA.,TRUE
32108,The Ego Machine,"Kuttner, Henry",35061,en,Science Fiction/Category: Science-Fiction & Fantasy/Category: Humour/Category: Novels,Public domain in the USA.,TRUE
32127,Wheels Within,"De Vet, Charles V.",32106,en,Science Fiction/Category: Science-Fiction & Fantasy,Public domain in the USA.,TRUE
32131,The Kenzie Report,"Clifton, Mark",25374,en,Science Fiction/Category: Science-Fiction & Fantasy/Category: Humour,Public domain in the USA.,TRUE
32162,The Beasts in the Void,"Fairman, Paul W.",9567,en,Science Fiction/Category: Science-Fiction & Fantasy/Category: Novels,Public domain in the USA.,TRUE
32181,Do Unto Others,"Clifton, Mark",25374,en,Science Fiction/Category: Science-Fiction & Fantasy/Category: Humour,Public domain in the USA.,TRUE
32207,A Mixture of Genius,"Castle, Arnold",26853,en,Science Fiction/Category: Science-Fiction & Fantasy/Category: Novels,Public domain in the USA.,TRUE
32208,The Star Lord,"Ellanby, Boyd",35725,en,Science Fiction/Category: Science-Fiction & Fantasy/Category: Adventure/Category: Novels,Public domain in the USA.,TRUE
32209,Assignment's End,"Aycock, Roger D.",25679,en,Science Fiction/Category: Science-Fiction & Fantasy/Category: Novels,Public domain in the USA.,TRUE
32230,Wainer,"Shaara, Michael",35381,en,Science Fiction/Category: Science-Fiction & Fantasy/Category: Novels,Public domain in the USA.,TRUE
32303,Pastoral Affair,"Stearns, Charles A.",26736,en,Science Fiction/Category: Science-Fiction & Fantasy/Category: Humour/Category: Novels,Public domain in the USA.,TRUE
32317,The World with a Thousand Moons,"Hamilton, Edmond",26787,en,Science Fiction/Category: Science-Fiction & Fantasy/Category: Adventure,Public domain in the USA.,TRUE
32321,The Book,"Shaara, Michael",35381,en,Science Fiction/Category: Science-Fiction & Fantasy/Category: Novels,Public domain in the USA.,TRUE
32359,Sinister Paradise,"Williams, Robert Moore",33777,en,Science Fiction/Category: Science-Fiction & Fantasy/Category: Adventure/Category: Novels,Public domain in the USA.,TRUE
32360,The Holes Around Mars,"Bixby, Jerome",34130,en,Science Fiction/Category: Short Stories/Category: Science-Fiction & Fantasy/Category: Humour,Public domain in the USA.,TRUE
32398,"Brood of the Dark Moon
(A Sequel to ""Dark Moon"")","Diffin, Charles Willard",33760,en,Science Fiction/Astounding Stories/Category: Science-Fiction & Fantasy/Category: Adventure,Public domain in the USA.,TRUE
32427,Category Phoenix,"Ellanby, Boyd",35725,en,Science Fiction/Category: Science-Fiction & Fantasy/Category: Novels,Public domain in the USA.,TRUE
32447,The Thing in the Attic,"Blish, James",25608,en,Science Fiction/Category: Science-Fiction & Fantasy/Category: Novels,Public domain in the USA.,TRUE
32498,The Brain,"Hauser, Heinrich",56821,en,Science Fiction/Category: Science-Fiction & Fantasy/Category: Novels,Public domain in the USA.,TRUE
32530,Armageddon—2419 A.D.,"Nowlan, Philip Francis",31334,en,Science Fiction/Category: Science-Fiction & Fantasy/Category: Novels/Category: American Literature,Public domain in the USA.,TRUE
32541,One Way,"De Ford, Miriam Allen",35591,en,Science Fiction/Category: Science-Fiction & Fantasy/Category: Novels,Public domain in the USA.,TRUE
32562,"""And That's How It Was, Officer""","Sholto, Ralph",34585,en,"Science Fiction/Category: Crime, Thrillers and Mystery/Category: Humour/Category: Novels",Public domain in the USA.,TRUE
32563,The Lost Warship,"Williams, Robert Moore",33777,en,Science Fiction/Category: Science-Fiction & Fantasy/Category: Novels,Public domain in the USA.,TRUE
32574,The Telenizer,"Thompson, Don",34538,en,Science Fiction/Category: Science-Fiction & Fantasy/Category: Novels,Public domain in the USA.,TRUE
32579,Micro-Man,"Ackerman, Forrest J.",33388,en,Science Fiction/Category: Science-Fiction & Fantasy/Category: Novels,Public domain in the USA.,TRUE
32584,The Secret of Kralitz,"Kuttner, Henry",35061,en,"Science Fiction/Category: Short Stories/Category: Science-Fiction & Fantasy/Category: Mythology, Legends & Folklore",Public domain in the USA.,TRUE
32587,The Ambassador,"Merwin, Sam, Jr.",33758,en,Science Fiction/Category: Science-Fiction & Fantasy/Category: Novels,Public domain in the USA.,TRUE
32654,Project Hush,"Tenn, William",35965,en,"Science Fiction/Category: Science-Fiction & Fantasy/Category: Crime, Thrillers and Mystery/Category: Humour/Category: Novels/Category: American Literature",Public domain in the USA.,TRUE
32657,Spillthrough,"Galouye, Daniel F.",35969,en,Science Fiction/Category: Science-Fiction & Fantasy/Category: Novels,Public domain in the USA.,TRUE
32664,Black Amazon of Mars,"Brackett, Leigh",25398,en,Science Fiction/Science Fiction by Women/Category: Science-Fiction & Fantasy/Category: Adventure,Public domain in the USA.,TRUE
32688,The Ordeal of Colonel Johns,"Smith, George H. (George Henry)",33574,en,Science Fiction/Category: Science-Fiction & Fantasy/Category: Novels,Public domain in the USA.,TRUE
32697,The Sword,"Quattrocchi, Frank",35990,en,Science Fiction/Category: Science-Fiction & Fantasy/Category: Novels,Public domain in the USA.,TRUE
32705,Deadly City,"Fairman, Paul W.",9567,en,Science Fiction/Category: Science-Fiction & Fantasy/Category: Novels,Public domain in the USA.,TRUE
32734,Fly By Night,"Savage, Arthur Dekker",34306,en,Science Fiction/Category: Science-Fiction & Fantasy/Category: Novels,Public domain in the USA.,TRUE
32737,Uniform of a Man,"Dryfoos, Dave",34175,en,Science Fiction/Category: Science-Fiction & Fantasy,Public domain in the USA.,TRUE
32759,Red Nails,"Howard, Robert E. (Robert Ervin)",36031,en,Science Fiction/Category: Science-Fiction & Fantasy/Category: Adventure,Public domain in the USA.,TRUE
32801,The Plotters,"Shaver, Richard S.",35925,en,Science Fiction/Category: Science-Fiction & Fantasy/Category: Romance/Category: Novels,Public domain in the USA.,TRUE
32903,The Victor,"Walton, Bryce",33100,en,Science Fiction/Category: Science-Fiction & Fantasy/Category: Novels,Public domain in the USA.,TRUE
33642,Earth Alert!,"Neville, Kris",25913,en,Science Fiction/Category: Science-Fiction & Fantasy/Category: Novels,Public domain in the USA.,TRUE
33644,The Secret of the Ninth Planet,"Wollheim, Donald A.",36516,en,Science Fiction/Category: Science-Fiction & Fantasy/Category: Adventure/Category: Novels/Category: American Literature,Public domain in the USA.,TRUE
33662,"A Republic Without a President, and Other Stories","Ward, Herbert D. (Herbert Dickinson)",33112,en,"Precursors of Science Fiction/Category: Short Stories/Category: Crime, Thrillers and Mystery/Category: American Literature",Public domain in the USA.,TRUE
33871,Old Friends Are the Best,"Sharkey, Jack",32269,en,Science Fiction/Category: Science-Fiction & Fantasy,Public domain in the USA.,TRUE
33934,She Knew He Was Coming,"Neville, Kris",25913,en,Science Fiction/Category: Short Stories/Category: Science-Fiction & Fantasy,Public domain in the USA.,TRUE
33969,New Hire,"Dryfoos, Dave",34175,en,Science Fiction/Category: Science-Fiction & Fantasy/Category: Humour,Public domain in the USA.,TRUE
34420,Riya's Foundling,"Budrys, Algis",25613,en,Science Fiction/Category: Science-Fiction & Fantasy/Category: Novels,Public domain in the USA.,TRUE
34732,Max Carrados,"Bramah, Ernest",529,en,"Detective Fiction/Category: Short Stories/Category: Crime, Thrillers and Mystery/Category: British Literature",Public domain in the USA.,TRUE
35247,That Affair at Elizabeth,"Stevenson, Burton Egbert",980,en,"Detective Fiction/Category: Crime, Thrillers and Mystery/Category: Novels/Category: American Literature",Public domain in the USA.,TRUE
35304,The Last Stroke: A Detective Story,"Lynch, Lawrence L.",31516,en,"Detective Fiction/Humor/Category: Crime, Thrillers and Mystery/Category: Novels",Public domain in the USA.,TRUE
35759,Security Risk,"Clinton, Ed M.",25710,en,Science Fiction/Category: Science-Fiction & Fantasy,Public domain in the USA.,TRUE
37820,Chronicles of Martin Hewitt,"Morrison, Arthur",3903,en,"Detective Fiction/Category: Short Stories/Category: Crime, Thrillers and Mystery/Category: British Literature",Public domain in the USA.,TRUE
39572,West of the sun,"Pangborn, Edgar",32078,en,Science Fiction/Category: Science-Fiction & Fantasy/Category: Novels,Public domain in the USA.,TRUE
40953,A Traveler in Time,"Derleth, August",34440,en,Science Fiction/Category: Short Stories/Category: Science-Fiction & Fantasy/Category: American Literature,Public domain in the USA.,TRUE
40970,Exploiter's End,"Causey, James",34044,en,Science Fiction/Category: Science-Fiction & Fantasy/Category: Novels,Public domain in the USA.,TRUE
40991,The Butterfly Kiss,"Savage, Arthur Dekker",34306,en,Science Fiction/Category: Science-Fiction & Fantasy/Category: Novels,Public domain in the USA.,TRUE
40993,Spacewrecked on Venus,"Jones, Neil R.",32321,en,Science Fiction/Category: Science-Fiction & Fantasy/Category: Adventure,Public domain in the USA.,TRUE
41029,The Moon Destroyers,"Ruch, Monroe K.",40940,en,Science Fiction/Category: Science-Fiction & Fantasy/Category: Adventure/Category: Novels,Public domain in the USA.,TRUE
41049,The Onslaught from Rigel,"Pratt, Fletcher",40954,en,Science Fiction/Category: Science-Fiction & Fantasy/Category: Novels,Public domain in the USA.,TRUE
41622,"Futuria Fantasia, Summer 1939","Bradbury, Ray",41269,en,Science Fiction/Category: Science-Fiction & Fantasy/Category: Journalism/Media/Writing,Public domain in the USA.,TRUE
41624,"Futuria Fantasia, Fall 1939","Bradbury, Ray",41269,en,Science Fiction/Category: Short Stories/Category: Poetry/Category: Science-Fiction & Fantasy/Category: American Literature/Category: Journalism/Media/Writing,Public domain in the USA.,TRUE
41627,"Futuria Fantasia, Winter 1940","Bradbury, Ray",41269,en,Science Fiction/Category: Short Stories/Category: Science-Fiction & Fantasy,Public domain in the USA.,TRUE
41714,The Syndic,"Kornbluth, C. M. (Cyril M.)",34039,en,Science Fiction/Category: Science-Fiction & Fantasy/Category: Novels,Public domain in the USA.,TRUE
41905,Captives of the Flame,"Delany, Samuel R.",41419,en,Science Fiction/Category: Science-Fiction & Fantasy/Category: Novels,Public domain in the USA.,TRUE
41981,The Jewels of Aptor,"Delany, Samuel R.",41419,en,Science Fiction/Category: Science-Fiction & Fantasy/Category: Novels/Category: American Literature,Public domain in the USA.,TRUE
42111,And Then the Town Took Off,"Wilson, Richard",34343,en,Science Fiction/Category: Science-Fiction & Fantasy/Category: Humour/Category: Novels/Category: American Literature,Public domain in the USA.,TRUE
42182,The Hyborian Age,"Howard, Robert E. (Robert Ervin)",36031,en,"Science Fiction/Category: Science-Fiction & Fantasy/Category: Mythology, Legends & Folklore",Public domain in the USA.,TRUE
42183,Queen of the Black Coast,"Howard, Robert E. (Robert Ervin)",36031,en,Science Fiction/Category: Science-Fiction & Fantasy/Category: Adventure,Public domain in the USA.,TRUE
42188,Shadows in the Moonlight,"Howard, Robert E. (Robert Ervin)",36031,en,Science Fiction/Category: Short Stories/Category: Science-Fiction & Fantasy/Category: Adventure,Public domain in the USA.,TRUE
42914,Gladiator,"Wylie, Philip",41928,en,Science Fiction/Category: Science-Fiction & Fantasy/Category: Novels/Category: American Literature,Public domain in the USA.,TRUE
43038,Ripeness is All,"Roarke, Jesse",41995,en,Science Fiction/Category: Science-Fiction & Fantasy/Category: Novels,Public domain in the USA.,TRUE
43041,Double or Nothing,"Sharkey, Jack",32269,en,Science Fiction/Category: Short Stories/Category: Science-Fiction & Fantasy/Category: Humour,Public domain in the USA.,TRUE
43048,The Piebald Hippogriff,"Anderson, Karen",41998,en,Science Fiction/Science Fiction by Women/Category: Short Stories/Category: Science-Fiction & Fantasy,Public domain in the USA.,TRUE
43235,First on the Moon,"Sutton, Jeff",42085,en,Science Fiction/Category: Science-Fiction & Fantasy/Category: Novels,Public domain in the USA.,TRUE
45858,Lucian's True History,"Lucian, of Samosata",1997,en,Precursors of Science Fiction/Category: Science-Fiction & Fantasy/Category: Humour/Category: Classics of Literature,Public domain in the USA.,TRUE
46534,"The Fantasy Fan, November 1933
The Fans' Own Magazine",Various,116,en,"Science Fiction/Category: Short Stories/Category: Science-Fiction & Fantasy/Category: Essays, Letters & Speeches/Category: Journalism/Media/Writing",Public domain in the USA.,TRUE
46535,"The Fantasy Fan, December 1933
The Fans' Own Magazine",Various,116,en,"Science Fiction/Category: Science-Fiction & Fantasy/Category: Essays, Letters & Speeches/Category: Journalism/Media/Writing",Public domain in the USA.,TRUE
49693,The Machine That Floats,"Gibson, Joe",53256,en,Science Fiction/Category: Science-Fiction & Fantasy/Category: Novels,Public domain in the USA.,TRUE
49754,What Do You Read?,"Ellanby, Boyd",35725,en,Science Fiction/Category: Science-Fiction & Fantasy/Category: Novels,Public domain in the USA.,TRUE
49762,Diagnosis,"Palmer, Ray",35943,en,Science Fiction/Category: Short Stories/Category: Science-Fiction & Fantasy/Category: Romance/Category: Adventure,Public domain in the USA.,TRUE
49767,Business For the Lawyers,"Robin, Ralph",45533,en,Science Fiction/Category: Science-Fiction & Fantasy/Category: Novels,Public domain in the USA.,TRUE
49809,Junior,"Abernathy, Robert",35455,en,Science Fiction/Category: Science-Fiction & Fantasy/Category: Humour/Category: Novels,Public domain in the USA.,TRUE
49826,The Lights on Precipice Peak,"Tall, Stephen",45559,en,Science Fiction/Category: Science-Fiction & Fantasy/Category: Novels,Public domain in the USA.,TRUE
49897,The Gravity Business,"Gunn, James E.",25015,en,Science Fiction/Category: Science-Fiction & Fantasy/Category: Novels,Public domain in the USA.,TRUE
49901,The Snare,"Smith, Richard Rein",33589,en,Science Fiction/Category: Science-Fiction & Fantasy/Category: Novels,Public domain in the USA.,TRUE
50133,The Dunwich horror,"Lovecraft, H. P. (Howard Phillips)",34724,en,"Science Fiction/Category: Short Stories/Category: Science-Fiction & Fantasy/Category: Crime, Thrillers and Mystery/Category: American Literature",Public domain in the USA.,TRUE
50332,The Diamond Lens,"O'Brien, Fitz James",5848,en,Science Fiction/Category: Short Stories/Category: Science-Fiction & Fantasy/Category: American Literature,Public domain in the USA.,TRUE
50571,The Green Odyssey,"Farmer, Philip José",33989,en,Science Fiction/Category: Science-Fiction & Fantasy/Category: Adventure/Category: Novels,Public domain in the USA.,TRUE
50682,The Planet Mappers,"Evans, E. Everett (Edward Everett)",8800,en,Science Fiction/Category: Science-Fiction & Fantasy/Category: Novels,Public domain in the USA.,TRUE
50702,Venus Boy,"Sutton, Lee",46052,en,Science Fiction/Category: Children & Young Adult Reading/Category: Science-Fiction & Fantasy/Category: Adventure/Category: Novels,Public domain in the USA.,TRUE
50713,One Against the Moon,"Wollheim, Donald A.",36516,en,Science Fiction/Category: Science-Fiction & Fantasy/Category: Adventure/Category: Novels/Category: American Literature,Public domain in the USA.,TRUE
50736,Address: Centauri,"Wallace, F. L. (Floyd L.)",26832,en,Science Fiction/Category: Science-Fiction & Fantasy/Category: Novels,Public domain in the USA.,TRUE
50766,The Snowball Effect,"MacLean, Katherine",34332,en,Science Fiction/Category: Science-Fiction & Fantasy,Public domain in the USA.,TRUE
50774,Contagion,"MacLean, Katherine",34332,en,Science Fiction/Category: Science-Fiction & Fantasy,Public domain in the USA.,TRUE
50783,The Alien,"Jones, Raymond F.",25386,en,Science Fiction/Category: Science-Fiction & Fantasy/Category: Novels,Public domain in the USA.,TRUE
50796,Shipping Clerk,"Samachson, Joseph",33434,en,Science Fiction/Category: Science-Fiction & Fantasy/Category: Humour,Public domain in the USA.,TRUE
50800,Bimmie Says,"Van Scyoc, Sydney J.",46089,en,Science Fiction/Category: Science-Fiction & Fantasy/Category: Humour/Category: Novels,Public domain in the USA.,TRUE
50802,A City Near Centaurus,"Doede, William R.",46090,en,Science Fiction/Category: Science-Fiction & Fantasy/Category: Novels,Public domain in the USA.,TRUE
50818,How to Make Friends,"Harmon, Jim",35040,en,Science Fiction/Category: Short Stories/Category: Science-Fiction & Fantasy,Public domain in the USA.,TRUE
50826,The Moons of Mars,"Evans, Dean",35345,en,Science Fiction/Category: Science-Fiction & Fantasy/Category: Novels,Public domain in the USA.,TRUE
50827,Orphans of the Void,"Shaara, Michael",35381,en,Science Fiction/Category: Science-Fiction & Fantasy/Category: Novels,Public domain in the USA.,TRUE
50835,The Luckiest Man in Denv,"Kornbluth, C. M. (Cyril M.)",34039,en,Science Fiction/Category: Science-Fiction & Fantasy/Category: Novels,Public domain in the USA.,TRUE
50842,Green Grew the Lasses,"Wainwright, Ruth Laura",46111,en,Science Fiction/Category: Science-Fiction & Fantasy/Category: Novels,Public domain in the USA.,TRUE
50848,Soldier Boy,"Shaara, Michael",35381,en,Science Fiction/Category: Science-Fiction & Fantasy/Category: Adventure,Public domain in the USA.,TRUE
50863,Alien Minds,"Evans, E. Everett (Edward Everett)",8800,en,Science Fiction/Category: Science-Fiction & Fantasy/Category: Novels,Public domain in the USA.,TRUE
50869,A Gleeb for Earth,"Schafhauser, Charles",46116,en,Science Fiction/Category: Science-Fiction & Fantasy/Category: Novels,Public domain in the USA.,TRUE
50877,Education of a Martian,"Shallit, Joseph",46122,en,Science Fiction/Category: Science-Fiction & Fantasy/Category: Romance,Public domain in the USA.,TRUE
50889,Half past Alligator,"Colvin, Donald",46128,en,Science Fiction/Category: Science-Fiction & Fantasy/Category: Novels,Public domain in the USA.,TRUE
50890,The Birds of Lorrane,"Doede, William R.",46090,en,Science Fiction/Category: Science-Fiction & Fantasy/Category: Novels,Public domain in the USA.,TRUE
50892,My Lady Selene,"Ludens, Magnus",46129,en,Science Fiction/Category: Science-Fiction & Fantasy/Category: Novels,Public domain in the USA.,TRUE
50893,The Great Nebraska Sea,"Danzig, Allan",46130,en,Science Fiction/Category: Science-Fiction & Fantasy/Category: Novels/Category: American Literature,Public domain in the USA.,TRUE
50921,"$1,000 a Plate","McKenty, Jack",35999,en,Science Fiction/Category: Short Stories/Category: Science-Fiction & Fantasy/Category: Humour,Public domain in the USA.,TRUE
50923,The Serpent River,"Wilcox, Don",46145,en,Science Fiction/Category: Science-Fiction & Fantasy/Category: Novels,Public domain in the USA.,TRUE
50924,Sweet Tooth,"Young, Robert F.",25767,en,Science Fiction/Category: Short Stories/Category: Science-Fiction & Fantasy/Category: Humour/Category: Adventure,Public domain in the USA.,TRUE
50928,Hot Planet,"Clement, Hal",46167,en,Science Fiction/Category: Science-Fiction & Fantasy/Category: Adventure,Public domain in the USA.,TRUE
50936,Man in a Sewing Machine,"Stecher, L. J., Jr.",32723,en,Science Fiction/Category: Science-Fiction & Fantasy/Category: Humour,Public domain in the USA.,TRUE
50945,Point of Departure,"Shelton, Vaughan",46157,en,Science Fiction/Category: Science-Fiction & Fantasy/Category: Novels,Public domain in the USA.,TRUE
50948,Of All Possible Worlds,"Tenn, William",35965,en,Science Fiction/Category: Science-Fiction & Fantasy,Public domain in the USA.,TRUE
50959,End as a World,"Wallace, F. L. (Floyd L.)",26832,en,Science Fiction/Category: Science-Fiction & Fantasy/Category: Novels/Category: American Literature,Public domain in the USA.,TRUE
50969,Big Ancestor,"Wallace, F. L. (Floyd L.)",26832,en,Science Fiction/Category: Science-Fiction & Fantasy/Category: Novels,Public domain in the USA.,TRUE
50971,The Problem Makers,"Hoskins, Robert",36004,en,Science Fiction/Category: Science-Fiction & Fantasy/Category: Humour/Category: Novels,Public domain in the USA.,TRUE
50980,The Freelancer,"Zacks, Robert",46179,en,Science Fiction/Category: Science-Fiction & Fantasy,Public domain in the USA.,TRUE
50981,Garrity's Annuities,"Mason, David",26303,en,Science Fiction/Category: Science-Fiction & Fantasy/Category: Humour/Category: Novels,Public domain in the USA.,TRUE
50988,Bodyguard,"Gold, H. L. (Horace Leonard)",35538,en,Science Fiction/Category: Science-Fiction & Fantasy/Category: Novels,Public domain in the USA.,TRUE
50989,The Nostalgia Gene,"Hutchins, Roy",46185,en,Science Fiction/Category: Science-Fiction & Fantasy/Category: Novels,Public domain in the USA.,TRUE
51008,Two Weeks in August,"Robinson, Frank M.",34076,en,Science Fiction/Category: Short Stories/Category: Science-Fiction & Fantasy/Category: Humour/Category: American Literature,Public domain in the USA.,TRUE
51027,Jaywalker,"Rocklynne, Ross",34040,en,Science Fiction/Category: Science-Fiction & Fantasy/Category: Novels,Public domain in the USA.,TRUE
51028,The Protector,"Curtis, Betsy",36000,en,Science Fiction/Category: Science-Fiction & Fantasy/Category: Novels,Public domain in the USA.,TRUE
51035,Up for Renewal,"Daniel, Lucius",34122,en,Science Fiction/Category: Science-Fiction & Fantasy,Public domain in the USA.,TRUE
51047,Pollony Undiverted,"Van Scyoc, Sydney J.",46089,en,Science Fiction/Category: Science-Fiction & Fantasy/Category: Novels,Public domain in the USA.,TRUE
51074,Don't Shoot,"Zacks, Robert",46179,en,Science Fiction/Category: Science-Fiction & Fantasy/Category: Humour,Public domain in the USA.,TRUE
51076,"Aaron Rodd, Diviner","Oppenheim, E. Phillips (Edward Phillips)",594,en,"Category: Crime, Thrillers and Mystery/Category: Adventure/Category: Novels/Category: British Literature",Public domain in the USA.,TRUE
51081,The Amateurs,"Cogan, Alan",36077,en,Science Fiction/Category: Short Stories/Category: Science-Fiction & Fantasy,Public domain in the USA.,TRUE
51091,The Deep One,"Ruzic, Neil P.",46239,en,Science Fiction/Category: Science-Fiction & Fantasy/Category: Novels,Public domain in the USA.,TRUE
51092,Rattle OK,"Warner, Harry",35998,en,Science Fiction/Category: Science-Fiction & Fantasy/Category: Humour,Public domain in the USA.,TRUE
51115,Transfer Point,"Boucher, Anthony",46245,en,Science Fiction/Category: Science-Fiction & Fantasy/Category: Novels,Public domain in the USA.,TRUE
51122,The Men in the Walls,"Tenn, William",35965,en,Science Fiction/Category: Science-Fiction & Fantasy/Category: Novels,Public domain in the USA.,TRUE
51129,A Gift from Earth,"Banister, Manly",46252,en,Science Fiction/Category: Science-Fiction & Fantasy/Category: Novels,Public domain in the USA.,TRUE
51132,Whiskaboom,"Arkin, Alan",46255,en,Science Fiction/Category: Science-Fiction & Fantasy/Category: Humour/Category: Novels,Public domain in the USA.,TRUE
51136,Nothing But the Best,"Cogan, Alan",36077,en,Science Fiction/Category: Science-Fiction & Fantasy,Public domain in the USA.,TRUE
51137,Cause of Death,"Tadlock, Max",46257,en,Science Fiction/Category: Science-Fiction & Fantasy/Category: Novels,Public domain in the USA.,TRUE
51148,Common Denominator,"MacDonald, John D. (John Dann)",45620,en,Science Fiction/Category: Science-Fiction & Fantasy,Public domain in the USA.,TRUE
51150,Venus is a Man's World,"Tenn, William",35965,en,Science Fiction/Category: Short Stories/Category: Science-Fiction & Fantasy/Category: Humour,Public domain in the USA.,TRUE
51153,The Semantic War,"Clothier, Bill",46265,en,Science Fiction/Category: Science-Fiction & Fantasy/Category: Novels,Public domain in the USA.,TRUE
51167,Butterfly 9,"Keith, Donald",46272,en,Science Fiction/Category: Science-Fiction & Fantasy/Category: Novels,Public domain in the USA.,TRUE
51170,The Fire and the Sword,"Robinson, Frank M.",34076,en,Science Fiction/Category: Science-Fiction & Fantasy/Category: Novels,Public domain in the USA.,TRUE
51171,A Little Journey,"Bradbury, Ray",41269,en,Science Fiction/Category: Short Stories/Category: Science-Fiction & Fantasy,Public domain in the USA.,TRUE
51185,All Jackson's Children,"Galouye, Daniel F.",35969,en,Science Fiction/Category: Science-Fiction & Fantasy,Public domain in the USA.,TRUE
51193,Pictures Don't Lie,"MacLean, Katherine",34332,en,Science Fiction/Category: Science-Fiction & Fantasy,Public domain in the USA.,TRUE
51194,Made to Measure,"Gault, William Campbell",35339,en,Science Fiction/Category: Science-Fiction & Fantasy/Category: Novels,Public domain in the USA.,TRUE
51201,Volpla,"Guin, Wyman",46291,en,Science Fiction/Category: Science-Fiction & Fantasy/Category: Novels,Public domain in the USA.,TRUE
51202,Name Your Symptom,"Harmon, Jim",35040,en,Science Fiction/Category: Science-Fiction & Fantasy/Category: Psychiatry/Psychology,Public domain in the USA.,TRUE
51203,A Coffin for Jacob,"Ludwig, Edward W.",35976,en,Science Fiction/Category: Science-Fiction & Fantasy/Category: Adventure/Category: Novels,Public domain in the USA.,TRUE
51231,Syndrome Johnny,"Dye, Charles",45153,en,Science Fiction/Category: Science-Fiction & Fantasy/Category: Novels,Public domain in the USA.,TRUE
51232,"Psychotennis, Anyone?","Williams, Lloyd",46317,en,Science Fiction/Category: Short Stories/Category: Science-Fiction & Fantasy,Public domain in the USA.,TRUE
51234,Zeritsky's Law,"Griffith, Ann Warren",46319,en,Science Fiction/Category: Science-Fiction & Fantasy/Category: Humour,Public domain in the USA.,TRUE
51247,Dead End,"Macfarlane, Wallace",46325,en,Science Fiction/Category: Science-Fiction & Fantasy/Category: Novels,Public domain in the USA.,TRUE
51249,Spacemen Die at Home,"Ludwig, Edward W.",35976,en,Science Fiction/Category: Science-Fiction & Fantasy/Category: Novels/Category: American Literature,Public domain in the USA.,TRUE
51256,The Cool War,"Fetler, Andrew",46330,en,"Science Fiction/Category: Science-Fiction & Fantasy/Category: Crime, Thrillers and Mystery",Public domain in the USA.,TRUE
51257,The Furious Rose,"Evans, Dean",35345,en,Science Fiction/Category: Short Stories/Category: Science-Fiction & Fantasy,Public domain in the USA.,TRUE
51268,The Girls From Earth,"Robinson, Frank M.",34076,en,Science Fiction/Category: Science-Fiction & Fantasy/Category: Novels,Public domain in the USA.,TRUE
51273,Advance Agent,"Anvil, Christopher",46334,en,Science Fiction/Category: Science-Fiction & Fantasy,Public domain in the USA.,TRUE
51274,Ambition,"Bade, William L.",46335,en,Science Fiction/Category: Science-Fiction & Fantasy/Category: Novels,Public domain in the USA.,TRUE
51297,The Pilot and the Bushman,"Jacobs, Sylvia",46363,en,Science Fiction/Category: Science-Fiction & Fantasy/Category: Novels,Public domain in the USA.,TRUE
51304,A Touch of E Flat,"Gibson, Joe",53256,en,Science Fiction/Category: Science-Fiction & Fantasy/Category: Novels,Public domain in the USA.,TRUE
51311,Make me an offer,"Blomberg, Con",46352,en,Science Fiction/Category: Short Stories/Category: Science-Fiction & Fantasy/Category: Humour,Public domain in the USA.,TRUE
51330,I Am a Nucleus,"Barr, Stephen",46361,en,Science Fiction/Category: Science-Fiction & Fantasy/Category: Novels,Public domain in the USA.,TRUE
51331,"Swenson, Dispatcher","Miller, R. De Witt (Richard De Witt)",46362,en,Science Fiction/Category: Science-Fiction & Fantasy/Category: Humour/Category: Novels,Public domain in the USA.,TRUE
51336,What is POSAT?,"Smith, Phyllis Sterling",46364,en,Science Fiction/Category: Science-Fiction & Fantasy/Category: Novels,Public domain in the USA.,TRUE
51362,Lex,"Haggert, W. T.",46380,en,Science Fiction/Category: Science-Fiction & Fantasy/Category: Novels,Public domain in the USA.,TRUE
51379,The Music Master of Babylon,"Pangborn, Edgar",32078,en,Science Fiction/Category: Science-Fiction & Fantasy/Category: Novels/Category: American Literature,Public domain in the USA.,TRUE
51396,Not a Creature Was Stirring,"Evans, Dean",35345,en,Science Fiction/Category: Short Stories/Category: Science-Fiction & Fantasy,Public domain in the USA.,TRUE
51397,People Soup,"Arkin, Alan",46255,en,Science Fiction/Category: Children & Young Adult Reading/Category: Humour,Public domain in the USA.,TRUE
51407,Sea Legs,"Quattrocchi, Frank",35990,en,Science Fiction/Category: Science-Fiction & Fantasy/Category: Novels,Public domain in the USA.,TRUE
51408,Angel's Egg,"Pangborn, Edgar",32078,en,Science Fiction/Category: Science-Fiction & Fantasy/Category: Novels,Public domain in the USA.,TRUE
51420,License to Steal,"Newman, Louis",46404,en,Science Fiction/Category: Science-Fiction & Fantasy/Category: Humour/Category: Novels,Public domain in the USA.,TRUE
51421,Man in a Quandary,"Stecher, L. J., Jr.",32723,en,Science Fiction/Category: Science-Fiction & Fantasy/Category: Novels,Public domain in the USA.,TRUE
51445,Sordman the Protector,"Purdom, Tom",26375,en,Science Fiction/Category: Science-Fiction & Fantasy/Category: Novels,Public domain in the USA.,TRUE
51460,A Husband for My Wife,"Stuart, William W.",33446,en,Science Fiction/Category: Science-Fiction & Fantasy/Category: Novels,Public domain in the USA.,TRUE
51475,East in the Morning,"Fisher, David E.",35541,en,Science Fiction/Category: Science-Fiction & Fantasy/Category: Novels,Public domain in the USA.,TRUE
51478,Dumbwaiter,"Stamers, James",46428,en,Science Fiction/Category: Science-Fiction & Fantasy/Category: Humour/Category: Novels,Public domain in the USA.,TRUE
51494,Beach Scene,"King, Marshall",46433,en,Science Fiction/Category: Children & Young Adult Reading/Category: Science-Fiction & Fantasy,Public domain in the USA.,TRUE
51498,Bad Memory,"Fahy, Patrick",24795,en,Science Fiction/Category: Science-Fiction & Fantasy/Category: Novels,Public domain in the USA.,TRUE
51508,The Chasers,"Galouye, Daniel F.",35969,en,Science Fiction/Category: Science-Fiction & Fantasy/Category: Novels,Public domain in the USA.,TRUE
51519,The Drug,"MacApp, C. C.",25709,en,Science Fiction/Category: Science-Fiction & Fantasy/Category: Novels,Public domain in the USA.,TRUE
51533,The Celestial Hammerlock,"Colvin, Donald",46128,en,Science Fiction/Category: Science-Fiction & Fantasy/Category: Humour/Category: Novels,Public domain in the USA.,TRUE
51534,Self Portrait,"Wolfe, Bernard",46451,en,Science Fiction/Category: Science-Fiction & Fantasy/Category: Novels,Public domain in the USA.,TRUE
51546,Handyman,"Banta, Frank",25711,en,Science Fiction/Category: Science-Fiction & Fantasy,Public domain in the USA.,TRUE
51550,"The Long, Silvery Day","Ludens, Magnus",46129,en,Science Fiction/Category: Short Stories/Category: Science-Fiction & Fantasy,Public domain in the USA.,TRUE
51570,Cry Snooker,"Fetler, Andrew",46330,en,Science Fiction/Category: Short Stories/Category: Science-Fiction & Fantasy/Category: Humour,Public domain in the USA.,TRUE
51571,Subject to Change,"Goulart, Ron",46474,en,Science Fiction/Category: Science-Fiction & Fantasy/Category: Novels,Public domain in the USA.,TRUE
51576,Shatter the Wall,"Van Scyoc, Sydney J.",46089,en,Science Fiction/Category: Science-Fiction & Fantasy/Category: Novels,Public domain in the USA.,TRUE
51588,Security Plan,"Farrell, Joseph",35576,en,Science Fiction/Category: Short Stories/Category: Science-Fiction & Fantasy/Category: Humour,Public domain in the USA.,TRUE
51596,Aloys,"Lafferty, R. A.",25720,en,Science Fiction/Category: Novels,Public domain in the USA.,TRUE
51597,Gourmet,"Lang, Allen Kim",26584,en,Science Fiction/Category: Short Stories/Category: Science-Fiction & Fantasy,Public domain in the USA.,TRUE
51603,All the People,"Lafferty, R. A.",25720,en,Science Fiction/Category: Science-Fiction & Fantasy,Public domain in the USA.,TRUE
51605,Jamieson,"Doede, William R.",46090,en,Science Fiction/Category: Science-Fiction & Fantasy/Category: Novels,Public domain in the USA.,TRUE
51609,A Fall of Glass,"Lee, Stanley R.",46488,en,Science Fiction/Category: Science-Fiction & Fantasy/Category: Novels,Public domain in the USA.,TRUE
51610,Solid Solution,"Stamers, James",46428,en,Science Fiction/Category: Science-Fiction & Fantasy/Category: Adventure/Category: Novels,Public domain in the USA.,TRUE
51616,Sales talk,"Blomberg, Con",46352,en,Science Fiction/Category: Short Stories/Category: Science-Fiction & Fantasy,Public domain in the USA.,TRUE
51651,Conditionally Human,"Miller, Walter M.",33738,en,Science Fiction/Category: Science-Fiction & Fantasy/Category: Novels/Category: American Literature,Public domain in the USA.,TRUE
51656,Pick a Crime,"Smith, Richard Rein",33589,en,"Science Fiction/Category: Science-Fiction & Fantasy/Category: Crime, Thrillers and Mystery/Category: Novels/Category: American Literature",Public domain in the USA.,TRUE
51662,Breakdown,"Kastle, Herbert D.",26307,en,Science Fiction/Category: Science-Fiction & Fantasy,Public domain in the USA.,TRUE
51663,Dawningsburgh,"West, Wallace",33900,en,Science Fiction/Category: Science-Fiction & Fantasy/Category: Novels,Public domain in the USA.,TRUE
51668,Dream World,"Lafferty, R. A.",25720,en,Science Fiction/Category: Science-Fiction & Fantasy/Category: Novels,Public domain in the USA.,TRUE
51669,The Lamps of the Angels,"Sabia, Richard",25928,en,Science Fiction/Category: Science-Fiction & Fantasy/Category: Novels,Public domain in the USA.,TRUE
51682,The Imitation of Earth,"Stamers, James",46428,en,Science Fiction/Category: Science-Fiction & Fantasy/Category: Novels,Public domain in the USA.,TRUE
51687,The Spy in the Elevator,"Westlake, Donald E.",32451,en,Science Fiction/Category: Science-Fiction & Fantasy/Category: Humour/Category: Novels,Public domain in the USA.,TRUE
51699,The God Next Door,"Doede, William R.",46090,en,Science Fiction/Category: Science-Fiction & Fantasy/Category: Novels,Public domain in the USA.,TRUE
51727,Satisfaction Guaranteed,"Leache, Joy",46534,en,Science Fiction/Category: Science-Fiction & Fantasy/Category: Humour,Public domain in the USA.,TRUE
51736,Star-Crossed Lover,"Stuart, William W.",33446,en,Science Fiction/Category: Science-Fiction & Fantasy/Category: Humour/Category: Novels,Public domain in the USA.,TRUE
51740,Don't Look Now,"Rubin, Leonard",46536,en,Science Fiction/Category: Short Stories/Category: Science-Fiction & Fantasy,Public domain in the USA.,TRUE
51751,"Oh, Rats!","De Ford, Miriam Allen",35591,en,Science Fiction/Category: Science-Fiction & Fantasy/Category: Novels,Public domain in the USA.,TRUE
51758,From an Unseen Censor,"Brown, Rosel George",34873,en,Science Fiction/Category: Science-Fiction & Fantasy/Category: Humour/Category: Adventure,Public domain in the USA.,TRUE
51759,Traveling Companion Wanted,"Wilson, Richard",34343,en,Science Fiction/Category: Science-Fiction & Fantasy/Category: Adventure,Public domain in the USA.,TRUE
51767,Death's Wisher,"Wannamaker, Jim",26378,en,Science Fiction/Category: Science-Fiction & Fantasy/Category: Novels,Public domain in the USA.,TRUE
51773,Scent Makes a Difference,"Stamers, James",46428,en,Science Fiction/Category: Science-Fiction & Fantasy/Category: Novels,Public domain in the USA.,TRUE
51801,The Immortals,"Duncan, David",46559,en,Science Fiction/Category: Science-Fiction & Fantasy/Category: Novels,Public domain in the USA.,TRUE
51805,Success Story,"Goodale, Earl",46560,en,Science Fiction/Category: Science-Fiction & Fantasy/Category: Novels,Public domain in the USA.,TRUE
51814,Preferred Risk,"McCann, Edson",46565,en,Science Fiction/Category: Science-Fiction & Fantasy/Category: Novels,Public domain in the USA.,TRUE
51823,The Back of Our Heads,"Barr, Stephen",46361,en,Science Fiction/Category: Science-Fiction & Fantasy,Public domain in the USA.,TRUE
51824,World in a Bottle,"Lang, Allen Kim",26584,en,Science Fiction/Category: Science-Fiction & Fantasy/Category: Novels,Public domain in the USA.,TRUE
51834,Never Come Midnight,"Gold, H. L. (Horace Leonard)",35538,en,Science Fiction/Category: Science-Fiction & Fantasy/Category: Novels,Public domain in the USA.,TRUE
51842,Beyond Bedlam,"Guin, Wyman",46291,en,Science Fiction/Category: Science-Fiction & Fantasy,Public domain in the USA.,TRUE
51844,Someone to watch over me,"Gold, H. L. (Horace Leonard)",35538,en,Science Fiction/Category: Science-Fiction & Fantasy/Category: Novels,Public domain in the USA.,TRUE
51844,Someone to watch over me,"Gale, Floyd C.",46184,en,Science Fiction/Category: Science-Fiction & Fantasy/Category: Novels,Public domain in the USA.,TRUE
51854,The Rat Race,"Franklin, Jay",46575,en,Science Fiction/World War II/Category: Science-Fiction & Fantasy/Category: Novels/Category: American Literature,Public domain in the USA.,TRUE
51866,D-99: a science-fiction novel,"Fyfe, H. B. (Horace Bowne)",25276,en,Science Fiction/Category: Science-Fiction & Fantasy/Category: Humour/Category: Adventure/Category: Novels,Public domain in the USA.,TRUE
